order_id,customer_id,order_date,status,total_amount,reject_reason
,C0435,2025-08-19,pending,0.0,blank order_id (no primary key)
,C0265,10/07/2025,In Progress,0.0,blank order_id (no primary key)
,C0129,2025-10-16,Pending,0.0,blank order_id (no primary key)
O00106,C9977,09/12/2025,pending,10688000.0,customer_id not found in customers.csv (FK violation)
O00197,C9956,01/11/2025,processing,3014000.0,customer_id not found in customers.csv (FK violation)
O00312,C9982,18/08/2025,DONE,23347000.0,customer_id not found in customers.csv (FK violation)
O00355,C9961,2026-03-22,complete,12488000.0,customer_id not found in customers.csv (FK violation)
O00592,C9947,04/27/2025,Canceled,5010000.0,customer_id not found in customers.csv (FK violation)
O00882,C9912,05/27/2025,Pending,10616000.0,customer_id not found in customers.csv (FK violation)
O00959,C9907,28/07/2026,pending,9324000.0,customer_id not found in customers.csv (FK violation)
O01030,C9980,09/01/2025,cancelled,3492000.0,customer_id not found in customers.csv (FK violation)
O01071,C9924,12/17/2025,DONE,15564000.0,customer_id not found in customers.csv (FK violation)
O01111,C9903,03/16/2026,Pending,4552000.0,customer_id not found in customers.csv (FK violation)
O01363,C9995,30/04/2026,Pending,47666000.0,customer_id not found in customers.csv (FK violation)
O01490,C9968,26/04/2025,Canceled,34724000.0,customer_id not found in customers.csv (FK violation)
