order_id,customer_id,order_date,status,total_amount
O00001,C0361,01/14/2025,Pending,7196000.0
O00002,C0159,2025-08-31,Cancelled,11318000.0
O00003,C0031,21/05/2025,Canceled,24718000.0
O00004,C0078,2026-01-20,PENDING,9836000.0
O00005,C0307,2026-03-31,DONE,28020000.0
O00006,C0163,02/10/2025,cancelled,19864000.0
O00007,C0385,25/01/2025,complete,6346000.0
O00008,C0106,07/07/2026,In Progress,18836000.0
O00009,C0369,08/16/2025,cancelled,12330000.0
O00010,C0094,2026-03-29,pending,16377000.0
O00011,C0036,2025-07-17,Processing,12952000.0
O00012,C0047,2025-06-27,In Progress,8666000.0
O00013,C0041,13/03/2026,Canceled,38385000.0
O00014,C0370,2025-07-22,Canceled,34949000.0
O00015,C0156,10/20/2025,Canceled,23448000.0
O00016,C0140,08/05/2026,completed,4509000.0
O00017,C0086,04/28/2026,CANCELLED,8180000.0
O00018,C0390,09/06/2025,pending,30965000.0
O00019,C0438,03/27/2025,In Progress,8895000.0
O00020,C0090,21/09/2025,CANCELLED,20213000.0
O00021,C0146,2026-01-20,cancelled,21902000.0
O00022,C0070,2026-04-26,Processing,25114000.0
O00023,C0007,28/05/2026,completed,16181000.0
O00024,C0474,02/03/2026,completed,2945000.0
O00025,C0158,2026-08-26,Cancelled,44915000.0
O00026,C0198,03/08/2026,processing,5590000.0
O00027,C0395,12/23/2025,cancelled,3014000.0
O00028,C0357,01/03/2025,Canceled,16319000.0
O00029,C0125,05/05/2026,Completed,9187000.0
O00030,C0358,06/01/2025,Canceled,29128000.0
O00031,C0131,2025-09-11,Processing,14199000.0
O00032,C0395,05/04/2025,Cancelled,22871000.0
O00033,C0266,13/07/2025,processing,12255000.0
O00034,C0355,11/06/2025,cancelled,8277000.0
O00035,C0376,2026-02-26,PENDING,12391000.0
O00036,C0294,12/19/2025,complete,2035000.0
O00037,C0477,2026-02-12,complete,48092000.0
O00038,C0418,2026-05-19,PENDING,7576000.0
O00039,C0214,06/22/2026,completed,9958500.0
O00040,C0088,06/30/2025,Processing,31190000.0
O00041,C0102,14/05/2026,PENDING,31667000.0
O00042,C0417,2025-08-06,In Progress,5280000.0
O00043,C0094,16/07/2025,Cancelled,13734000.0
O00044,C0445,2025-06-20,completed,17095000.0
O00045,C0064,2025-10-11,complete,25225000.0
O00046,C0245,2026-05-12,Pending,22569000.0
O00047,C0137,2025-01-08,Pending,23855000.0
O00048,C0268,08/01/2025,completed,15969000.0
O00049,C0388,12/12/2025,cancelled,9842000.0
O00050,C0350,18/12/2025,In Progress,20521000.0
O00051,C0205,23/01/2026,pending,22436000.0
O00052,C0413,04/13/2025,CANCELLED,16869000.0
O00053,C0372,05/23/2025,pending,29743000.0
O00054,C0487,09/12/2025,CANCELLED,48338000.0
O00055,C0264,2026-02-28,In Progress,1736000.0
O00056,C0491,2025-11-26,DONE,17077000.0
O00057,C0348,31/03/2026,Cancelled,18081000.0
O00058,C0179,03/15/2026,pending,676000.0
O00059,C0151,07/19/2025,In Progress,30709000.0
O00060,C0402,01/06/2026,Processing,6129000.0
O00061,C0155,16/07/2026,Processing,5672000.0
O00062,C0247,2026-07-08,Processing,2055000.0
O00063,C0386,04/02/2025,Cancelled,10931000.0
O00064,C0083,2025-12-01,DONE,8348000.0
O00065,C0341,05/03/2026,Completed,0.0
O00066,C0473,2026-07-02,cancelled,14256000.0
O00067,C0447,08/18/2025,pending,10638000.0
O00068,C0194,2026-01-26,Canceled,45075000.0
O00069,C0133,2025-04-29,Pending,53930000.0
O00070,C0175,08/30/2026,pending,4275000.0
O00071,C0066,17/11/2025,Pending,14521000.0
O00072,C0303,03/07/2026,cancelled,14292000.0
O00073,C0395,01/09/2026,In Progress,29326000.0
O00074,C0309,28/08/2026,Completed,0.0
O00075,C0276,17/04/2026,Processing,31257000.0
O00076,C0256,2026-04-12,Completed,21665000.0
O00077,C0307,24/11/2025,PENDING,5276000.0
O00078,C0294,05/05/2026,processing,21056000.0
O00079,C0361,2026-01-21,complete,26627000.0
,C0435,2025-08-19,pending,0.0
O00081,C0373,2026-02-06,In Progress,18210000.0
O00082,C0201,12/12/2025,CANCELLED,3906000.0
O00083,C0201,15/03/2025,complete,38619000.0
O00084,C0359,2026-07-16,pending,20482000.0
O00085,C0386,18/08/2026,complete,8152000.0
O00086,C0296,21/05/2025,Canceled,20245000.0
O00087,C0108,08/12/2025,In Progress,19903000.0
O00088,C0005,01/06/2026,Pending,7658000.0
O00089,C0193,2026-03-14,Processing,20316000.0
O00090,C0183,2026-05-01,PENDING,16484000.0
O00091,C0333,2025-12-13,CANCELLED,3980000.0
O00092,C0126,04/02/2025,processing,33842000.0
O00093,C0155,09/03/2026,Cancelled,4475000.0
O00094,C0399,20/04/2026,CANCELLED,10012000.0
O00095,C0189,2025-01-12,Pending,27230000.0
O00096,C0251,06/06/2026,PENDING,8380000.0
O00097,C0294,05/07/2026,Pending,30515000.0
O00098,C0197,11/05/2026,Canceled,18850000.0
O00099,C0051,30/11/2025,In Progress,30700000.0
O00100,C0011,2026-02-08,Cancelled,8912000.0
O00101,C0386,2025-08-01,PENDING,11366000.0
O00102,C0356,04/07/2025,Cancelled,47744000.0
O00103,C0021,05/12/2025,Processing,18355000.0
O00104,C0045,2026-07-30,Pending,19336000.0
O00105,C0260,02/11/2025,In Progress,1564500.0
O00106,C9977,09/12/2025,pending,10688000.0
O00107,C0338,07/01/2026,processing,10271000.0
O00108,C0356,11/17/2025,complete,6842000.0
O00109,C0353,2025-04-12,Pending,19935000.0
O00110,C0097,2025-05-26,In Progress,11139000.0
O00111,C0283,10/08/2025,complete,9834000.0
O00112,C0374,09/03/2026,completed,18256000.0
O00113,C0333,2025-06-17,cancelled,1437000.0
O00114,C0347,03/12/2026,Processing,27549000.0
O00115,C0037,10/03/2025,processing,14684000.0
O00116,C0289,08/06/2026,Processing,16728000.0
O00117,C0162,03/21/2026,Pending,11174000.0
O00118,C0040,10/04/2025,PENDING,33194000.0
O00119,C0209,09/03/2025,pending,19170000.0
O00120,C0399,07/10/2025,Processing,14436000.0
O00121,C0051,2026-01-22,Cancelled,18847000.0
O00122,C0090,06/24/2026,completed,8120000.0
O00123,C0049,06/26/2026,DONE,15027000.0
O00124,C0312,12/04/2025,processing,11889000.0
O00125,C0093,20/12/2025,Canceled,3659000.0
O00126,C0133,01/10/2025,Processing,12928000.0
O00127,C0074,2026-01-23,DONE,23889000.0
O00128,C0363,09/13/2025,CANCELLED,12988000.0
O00129,C0094,03/26/2026,cancelled,6572000.0
O00130,C0142,15/03/2026,In Progress,35404000.0
O00131,C0440,31/03/2025,Cancelled,20668000.0
O00132,C0325,2025-03-23,Processing,2800000.0
O00133,C0295,02/28/2025,completed,3251000.0
O00134,C0414,11/01/2025,processing,17755000.0
O00135,C0264,30/06/2026,Pending,3866000.0
O00136,C0316,07/14/2025,pending,13133000.0
O00137,C0360,2026-07-02,Completed,11718000.0
O00138,C0311,2026-04-05,Processing,24648000.0
O00139,C0188,2025-05-17,completed,4576000.0
O00140,C0254,2026-01-24,DONE,16292000.0
O00141,C0468,13/09/2025,pending,53215000.0
O00142,C0248,2025-10-28,In Progress,3344000.0
O00143,C0324,06/08/2026,In Progress,67775000.0
O00144,C0264,2025-02-06,cancelled,14174000.0
O00145,C0004,17/04/2026,Completed,4574000.0
O00146,C0003,25/12/2025,processing,29139000.0
O00147,C0005,2025-04-14,Cancelled,14833000.0
O00148,C0271,2026-06-11,CANCELLED,9216000.0
O00149,C0004,2025-06-09,completed,17835000.0
O00150,C0203,19/01/2026,complete,20911000.0
O00151,C0275,10/03/2025,CANCELLED,23228000.0
O00152,C0083,2025-05-24,cancelled,12060000.0
O00153,C0453,23/07/2025,Processing,15232000.0
O00154,C0069,2026-02-09,complete,29793000.0
O00155,C0342,2025-07-23,completed,4957000.0
O00156,C0251,18/07/2026,processing,20893000.0
O00157,C0257,2026-02-03,Pending,2479000.0
O00158,C0065,06/09/2025,Pending,23147000.0
O00159,C0027,17/12/2025,pending,14755200.0
O00160,C0149,16/10/2025,Pending,38383000.0
O00161,C0317,2025-06-06,processing,36298000.0
O00162,C0393,04/28/2025,processing,23880000.0
O00163,C0102,05/01/2026,PENDING,7316000.0
O00164,C0258,2025-07-05,Processing,22513000.0
O00165,C0068,2026-02-15,complete,20421000.0
O00166,C0219,2025-01-19,Processing,11298000.0
O00167,C0195,02/22/2026,complete,5121000.0
O00168,C0114,2025-12-11,CANCELLED,6598000.0
O00169,C0330,22/02/2025,pending,25013000.0
O00170,C0144,2025-12-26,cancelled,4672000.0
O00171,C0459,2025-02-18,Pending,18761000.0
O00172,C0339,26/11/2025,DONE,14526000.0
O00173,C0466,14/04/2025,processing,25100000.0
O00174,C0187,2025-12-09,PENDING,22210000.0
O00175,C0007,20/07/2026,DONE,21450000.0
O00176,C0381,2026-08-27,DONE,14237000.0
O00177,C0108,2026-08-22,Pending,15860000.0
O00178,C0323,09/09/2026,PENDING,20990000.0
O00179,C0419,2025-07-15,Cancelled,38837000.0
O00180,C0483,14/07/2026,completed,13095000.0
O00181,C0390,2025-07-26,Processing,24053000.0
O00182,C0099,03/05/2026,DONE,8223000.0
O00183,C0459,10/01/2026,Pending,7974000.0
O00184,C0248,2026-03-06,PENDING,13162000.0
O00185,C0141,05/13/2025,Pending,2441000.0
O00186,C0407,14/07/2025,Cancelled,5128000.0
O00187,C0085,03/25/2026,CANCELLED,2280000.0
O00188,C0206,2025-10-06,Processing,40082000.0
O00189,C0293,08/12/2025,pending,51106000.0
O00190,C0258,2026-06-22,DONE,24157000.0
O00191,C0363,2025-10-02,Pending,9524000.0
O00192,C0024,2026-07-01,complete,3267000.0
O00193,C0483,2025-10-12,complete,23741000.0
O00194,C0422,2025-08-04,PENDING,10304000.0
O00195,C0178,2026-09-12,DONE,6208000.0
O00196,C0370,17/05/2025,Completed,6715000.0
O00197,C9956,01/11/2025,processing,3014000.0
O00198,C0091,09/20/2025,PENDING,10142000.0
O00199,C0353,01/27/2026,complete,6910000.0
O00200,C0419,29/03/2026,complete,6893000.0
O00201,C0298,2026-02-09,CANCELLED,35130000.0
O00202,C0189,01/06/2025,Pending,3950000.0
O00203,C0236,07/09/2025,processing,46993000.0
O00204,C0483,2025-07-04,DONE,25585000.0
O00205,C0084,2025-07-01,Processing,29741000.0
O00206,C0037,03/13/2026,CANCELLED,8998000.0
O00207,C0052,06/24/2026,Pending,30689000.0
O00208,C0194,2026-01-29,PENDING,29439000.0
O00209,C0479,2025-02-14,processing,21829000.0
O00210,C0074,2026-09-07,PENDING,22589000.0
O00211,C0377,2025-12-13,Pending,14914000.0
O00212,C0246,31/07/2026,processing,29330000.0
O00213,C0246,06/08/2025,PENDING,43989000.0
O00214,C0137,2026-07-11,Pending,1072000.0
O00215,C0279,2025-10-31,Cancelled,9652000.0
O00216,C0468,18/08/2025,processing,30909000.0
O00217,C0076,2025-12-28,completed,3887000.0
O00218,C0352,2025-04-26,Processing,3239000.0
O00219,C0053,10/16/2025,pending,9472000.0
O00220,C0061,01/05/2026,Pending,20275000.0
O00221,C0092,03/15/2026,complete,20134000.0
O00222,C0348,03/12/2026,DONE,13421000.0
O00223,C0179,04/17/2025,cancelled,19994000.0
O00224,C0478,2025-09-29,Pending,16430000.0
O00225,C0399,31/05/2025,processing,24240000.0
O00226,C0370,05/05/2026,pending,9556000.0
O00227,C0492,13/10/2025,Pending,28668000.0
O00228,C0094,30/01/2026,completed,4029000.0
O00229,C0247,2026-02-28,complete,22167000.0
O00230,C0197,03/05/2026,CANCELLED,10625000.0
O00231,C0273,2026-07-04,CANCELLED,20499000.0
O00232,C0270,08/15/2026,Processing,11287000.0
O00233,C0121,2026-01-06,processing,5058000.0
O00234,C0286,2026-05-01,pending,27313000.0
O00235,C0185,2025-05-23,CANCELLED,7316000.0
O00236,C0125,08/04/2025,Pending,21262000.0
O00237,C0061,05/27/2025,pending,41090000.0
O00238,C0191,02/25/2025,PENDING,6270000.0
O00239,C0038,2026-05-04,Processing,31462000.0
O00240,C0188,2025-05-25,Processing,4476000.0
O00241,C0292,03/03/2026,In Progress,4029000.0
O00242,C0072,25/06/2026,completed,17396000.0
O00243,C0370,12/12/2025,Pending,10543000.0
O00244,C0080,03/03/2025,Pending,12654000.0
O00245,C0258,14/06/2025,CANCELLED,3602000.0
O00246,C0284,09/22/2025,complete,21767000.0
O00247,C0217,06/10/2025,pending,11681000.0
O00248,C0487,09/05/2025,In Progress,14641000.0
O00249,C0029,08/13/2025,In Progress,15804000.0
O00250,C0310,21/03/2025,cancelled,24527000.0
O00251,C0335,2026-02-19,processing,27344000.0
O00252,C0332,2026-03-11,Completed,18295000.0
O00253,C0040,2026-01-07,complete,16312000.0
O00254,C0145,2025-06-16,Pending,8740000.0
O00255,C0306,01/12/2025,Processing,88000.0
O00256,C0327,2025-02-03,Completed,42167000.0
O00257,C0289,11/05/2026,Pending,2055000.0
O00258,C0484,13/11/2025,completed,5991000.0
O00259,C0257,07/19/2025,cancelled,3419000.0
O00260,C0499,13/05/2025,pending,14776000.0
O00261,C0460,2026-05-31,In Progress,14071000.0
O00262,C0408,27/01/2026,Pending,31770000.0
O00263,C0078,04/20/2026,Pending,2028000.0
O00264,C0453,08/09/2025,Processing,4169000.0
O00265,C0494,29/05/2026,complete,3321000.0
O00266,C0174,2025-10-25,CANCELLED,28528000.0
O00267,C0123,2025-08-02,PENDING,9382000.0
O00268,C0322,2026-05-25,pending,26908000.0
O00269,C0281,31/03/2025,pending,2004000.0
O00270,C0087,30/10/2025,PENDING,17332000.0
O00271,C0187,2025-12-28,PENDING,3853000.0
O00272,C0396,17/04/2026,CANCELLED,23198000.0
O00273,C0333,2025-05-24,cancelled,12382000.0
O00274,C0440,10/21/2025,Canceled,5637000.0
O00275,C0226,11/01/2026,Completed,38705000.0
O00276,C0350,28/02/2026,Cancelled,7729000.0
O00277,C0318,02/28/2025,In Progress,7090000.0
O00278,C0005,08/06/2025,complete,2180000.0
O00279,C0292,13/02/2026,processing,9522000.0
O00280,C0343,06/04/2025,CANCELLED,2090000.0
O00281,C0056,29/03/2025,pending,6958000.0
O00282,C0103,16/02/2026,pending,2654000.0
O00283,C0310,2026-05-13,cancelled,12804000.0
O00284,C0233,09/02/2025,Processing,19209000.0
O00285,C0328,08/07/2025,pending,28200000.0
O00286,C0032,2026-01-06,Cancelled,8805000.0
O00287,C0109,24/01/2025,cancelled,32304000.0
O00288,C0326,2025-06-30,processing,4322400.0
O00289,C0208,25/03/2025,Canceled,32233000.0
O00290,C0343,2025-09-23,pending,10108000.0
O00291,C0176,01/11/2025,processing,30560000.0
O00292,C0247,05/02/2026,processing,13311000.0
O00293,C0182,08/08/2026,PENDING,19767000.0
O00294,C0102,21/03/2025,In Progress,8695000.0
O00295,C0422,21/11/2025,Processing,17481000.0
O00296,C0256,21/11/2025,Cancelled,2478000.0
O00297,C0231,05/09/2025,Cancelled,8712000.0
O00298,C0019,12/08/2025,In Progress,3364000.0
O00299,C0280,2025-06-20,cancelled,4929000.0
O00300,C0108,15/07/2025,pending,12786000.0
O00301,C0009,11/06/2025,pending,932000.0
O00302,C0333,12/04/2026,cancelled,23965000.0
O00303,C0425,2026-07-10,complete,42875000.0
O00304,C0235,03/15/2026,In Progress,21210000.0
O00305,C0084,10/07/2026,CANCELLED,17733000.0
O00306,C0325,2025-10-18,Pending,14845000.0
O00307,C0046,2025-01-17,CANCELLED,47133000.0
O00308,C0384,07/12/2026,Cancelled,12633000.0
O00309,C0342,2025-10-24,processing,985000.0
O00310,C0283,26/01/2026,Processing,20531000.0
O00311,C0180,2026-04-21,cancelled,19183000.0
O00312,C9982,18/08/2025,DONE,23347000.0
O00313,C0158,2026-03-01,processing,18442000.0
O00314,C0017,16/01/2025,In Progress,8120000.0
O00315,C0420,2026-09-07,completed,19530000.0
O00316,C0124,07/24/2026,In Progress,15292000.0
O00317,C0202,2025-02-22,CANCELLED,14656000.0
O00318,C0373,06/27/2025,complete,46985000.0
O00319,C0224,08/25/2025,Processing,25068000.0
O00320,C0324,08/14/2026,complete,22188000.0
O00321,C0486,2025-11-27,Pending,31127000.0
O00322,C0224,2025-01-12,In Progress,10552000.0
O00323,C0363,2026-07-11,Canceled,36040000.0
O00324,C0233,01/02/2026,Processing,958000.0
O00325,C0153,07/18/2025,processing,40524000.0
O00326,C0395,24/09/2025,Pending,2575000.0
O00327,C0479,05/28/2025,PENDING,4029000.0
O00328,C0444,04/16/2025,Cancelled,3299000.0
O00329,C0055,2025-05-26,Completed,19056000.0
O00330,C0040,22/05/2026,Processing,4496000.0
O00331,C0252,23/01/2025,PENDING,5580000.0
O00332,C0040,04/08/2025,cancelled,15340000.0
O00333,C0325,07/04/2026,Processing,1323000.0
O00334,C0463,2025-07-02,pending,5244000.0
O00335,C0178,2026-05-11,PENDING,12057000.0
O00336,C0380,09/18/2025,Processing,24577000.0
O00337,C0275,2025-01-24,processing,44909000.0
O00338,C0059,2025-08-11,complete,22544800.0
O00339,C0043,10/05/2025,complete,4660000.0
O00340,C0489,05/04/2025,completed,1764000.0
O00341,C0224,09/06/2026,Processing,14993000.0
O00342,C0102,10/15/2025,PENDING,30672000.0
O00343,C0160,19/06/2025,CANCELLED,52492000.0
O00344,C0217,03/09/2026,Completed,39007000.0
O00345,C0311,01/28/2026,processing,16850000.0
O00346,C0192,2025-03-07,In Progress,17095000.0
O00347,C0130,08/24/2026,DONE,14593000.0
O00348,C0204,31/01/2025,processing,26111000.0
O00349,C0405,2025-07-10,Processing,798000.0
O00350,C0337,16/01/2026,Processing,34517000.0
O00351,C0005,11/23/2025,pending,38976000.0
O00352,C0110,2026-04-22,Completed,13912000.0
O00353,C0198,10/18/2025,Processing,23695000.0
O00354,C0053,07/29/2026,PENDING,16776000.0
O00355,C9961,2026-03-22,complete,12488000.0
O00356,C0026,21/05/2026,pending,20982000.0
O00357,C0062,05/08/2025,processing,15059000.0
O00358,C0303,28/01/2026,Pending,47382000.0
O00359,C0330,13/08/2026,Canceled,11494000.0
O00360,C0431,17/02/2026,PENDING,5150000.0
O00361,C0009,13/03/2025,PENDING,6285000.0
O00362,C0155,09/10/2025,Completed,18796000.0
O00363,C0285,17/11/2025,pending,27540000.0
O00364,C0357,11/04/2026,PENDING,18941000.0
O00365,C0053,2025-01-30,Pending,830000.0
O00366,C0054,2025-11-27,Canceled,14908000.0
O00367,C0046,07/15/2025,Completed,16223000.0
O00368,C0479,2025-02-23,Pending,7425000.0
O00369,C0485,08/11/2025,completed,34059000.0
O00370,C0139,2025-06-24,Canceled,2384000.0
O00371,C0164,06/01/2025,CANCELLED,34568000.0
O00372,C0343,05/06/2025,processing,10928000.0
O00373,C0339,05/17/2026,completed,16771000.0
O00374,C0116,04/05/2025,Completed,10656000.0
O00375,C0181,07/26/2026,Processing,5922000.0
O00376,C0039,2026-05-22,In Progress,39711000.0
O00377,C0111,25/04/2026,Processing,13819000.0
O00378,C0175,02/08/2025,completed,5816000.0
O00379,C0336,2025-06-07,Pending,22650000.0
O00380,C0470,01/08/2026,Canceled,35474000.0
O00381,C0400,14/02/2026,pending,4625000.0
O00382,C0085,2025-11-11,pending,22834000.0
O00383,C0449,2025-04-20,Pending,59940000.0
O00384,C0458,2026-04-17,completed,12739000.0
O00385,C0339,28/06/2026,Completed,44643000.0
O00386,C0475,18/07/2026,complete,2394000.0
O00387,C0078,02/11/2026,cancelled,11655000.0
O00388,C0028,2026-03-28,Completed,23540000.0
O00389,C0333,2026-01-27,cancelled,25352000.0
O00390,C0097,02/17/2026,completed,33396000.0
O00391,C0266,03/20/2026,Pending,7375000.0
O00392,C0491,2025-04-24,Pending,4442000.0
O00393,C0295,09/30/2025,Pending,3304000.0
O00394,C0142,20/08/2025,CANCELLED,42634000.0
O00395,C0052,14/08/2025,complete,23946000.0
O00396,C0088,07/28/2025,DONE,6910000.0
O00397,C0376,01/04/2025,In Progress,10154000.0
O00398,C0319,05/04/2026,complete,15476000.0
O00399,C0088,2025-11-19,Pending,20910000.0
O00400,C0171,04/12/2026,pending,39071000.0
O00401,C0220,09/12/2025,Processing,35338000.0
O00402,C0088,10/01/2025,Completed,29908000.0
O00403,C0251,2025-09-11,Pending,22587000.0
O00404,C0291,2025-10-25,Processing,16165000.0
O00405,C0052,08/11/2025,completed,17497000.0
O00406,C0377,12/26/2025,completed,15635000.0
O00407,C0130,09/01/2026,pending,11756000.0
O00408,C0364,2025-12-08,cancelled,6915000.0
O00409,C0352,2026-06-16,pending,7576000.0
O00410,C0439,14/08/2025,processing,4741000.0
O00411,C0016,08/09/2025,Canceled,16142000.0
O00412,C0382,04/02/2025,Cancelled,15620000.0
O00413,C0495,10/08/2025,Canceled,20130000.0
O00414,C0136,12/24/2025,CANCELLED,9005000.0
O00415,C0484,2025-10-10,In Progress,10512000.0
O00416,C0267,18/12/2025,pending,29441000.0
O00417,C0291,2025-12-22,pending,2580000.0
O00418,C0475,05/31/2025,processing,31660000.0
O00419,C0320,26/07/2026,processing,6139000.0
O00420,C0148,08/03/2025,Pending,28741000.0
O00421,C0112,2025-10-17,pending,1454000.0
O00422,C0157,01/06/2025,Completed,19611000.0
O00423,C0026,15/09/2025,complete,44710000.0
O00424,C0489,2025-03-30,complete,36822000.0
O00425,C0222,2026-08-23,Completed,20101000.0
O00426,C0243,30/12/2025,CANCELLED,35373000.0
O00427,C0496,04/11/2025,DONE,59938000.0
O00428,C0089,08/01/2026,complete,3659000.0
O00429,C0350,24/07/2025,In Progress,10103000.0
O00430,C0103,05/11/2025,PENDING,8225000.0
O00431,C0475,18/04/2026,processing,41303000.0
O00432,C0050,05/22/2025,cancelled,197000.0
O00433,C0258,02/01/2026,completed,19995000.0
O00434,C0216,02/25/2026,Pending,22943000.0
O00435,C0491,03/08/2026,processing,15532000.0
O00436,C0403,2025-09-06,DONE,48646000.0
O00437,C0028,02/07/2026,Cancelled,11727000.0
O00438,C0237,2026-06-15,Pending,29011000.0
O00439,C0139,20/04/2025,PENDING,3141000.0
O00440,C0247,12/06/2025,PENDING,15169000.0
O00441,C0346,06/08/2026,Pending,31660000.0
O00442,C0265,2025-05-28,Canceled,34954000.0
O00443,C0459,06/08/2025,Completed,17912000.0
O00444,C0413,2026-05-12,Processing,28963000.0
O00445,C0001,06/06/2025,Pending,14819000.0
O00446,C0127,2025-07-29,CANCELLED,13293000.0
O00447,C0201,26/02/2025,completed,7504000.0
O00448,C0095,08/29/2025,completed,3578000.0
O00449,C0440,05/07/2025,Processing,11393000.0
O00450,C0095,2025-05-26,In Progress,1343000.0
O00451,C0380,14/07/2026,cancelled,6236000.0
O00452,C0149,13/04/2025,cancelled,5937000.0
O00453,C0201,31/01/2026,pending,3580000.0
O00454,C0417,12/03/2026,pending,5593000.0
O00455,C0062,08/01/2026,pending,17371000.0
O00456,C0018,2026-04-01,completed,21669600.0
O00457,C0452,2026-04-15,pending,48864000.0
O00458,C0257,05/31/2026,completed,21668000.0
O00459,C0263,06/03/2025,In Progress,5961000.0
O00460,C0369,07/31/2026,Canceled,3299000.0
O00461,C0143,11/07/2025,pending,1263000.0
O00462,C0193,04/29/2026,In Progress,26800000.0
O00463,C0475,2026-06-04,DONE,25366000.0
O00464,C0302,2026-08-18,Cancelled,5830000.0
O00465,C0016,06/12/2025,Pending,1323000.0
O00466,C0256,05/03/2026,Processing,24058000.0
O00467,C0054,28/06/2025,Cancelled,24219000.0
O00468,C0032,09/14/2025,Pending,14552000.0
O00469,C0227,2026-01-19,pending,9753000.0
O00470,C0056,04/06/2026,In Progress,12564000.0
O00471,C0285,24/07/2025,completed,28172000.0
O00472,C0348,10/20/2025,Processing,19724000.0
O00473,C0223,06/26/2026,Pending,6204000.0
O00474,C0323,2025-04-09,Pending,13853000.0
O00475,C0185,22/02/2026,Pending,3005000.0
O00476,C0350,2026-06-25,In Progress,989000.0
O00477,C0424,01/05/2026,complete,17820000.0
O00478,C0411,03/10/2025,CANCELLED,52724000.0
O00479,C0448,2025-03-14,PENDING,9910000.0
O00480,C0153,2025-04-14,Cancelled,6013000.0
O00481,C0308,2026-07-08,pending,14911000.0
O00482,C0473,2025-09-15,complete,814000.0
O00483,C0496,10/22/2025,In Progress,5502000.0
O00484,C0257,11/16/2025,PENDING,7576000.0
O00485,C0457,24/04/2025,Cancelled,17305000.0
O00486,C0017,2025-12-13,DONE,31347000.0
O00487,C0455,03/02/2025,In Progress,35084000.0
O00488,C0169,2025-03-05,Cancelled,12713000.0
O00489,C0178,03/14/2025,pending,9096000.0
O00490,C0485,2025-05-13,Pending,15152000.0
O00491,C0255,04/06/2026,completed,25907000.0
O00492,C0156,2025-08-22,Pending,2388000.0
O00493,C0274,01/24/2026,pending,32184000.0
O00494,C0027,01/02/2026,In Progress,23694000.0
O00495,C0219,17/07/2026,Pending,411000.0
O00496,C0460,12/01/2026,processing,3078000.0
O00497,C0471,2025-03-01,In Progress,36912000.0
O00498,C0006,2025-08-21,PENDING,13612000.0
O00499,C0128,2025-02-28,pending,18355000.0
O00500,C0093,17/10/2025,complete,47210000.0
O00501,C0150,13/05/2025,Cancelled,9684000.0
O00502,C0337,03/20/2025,complete,11265000.0
O00503,C0254,01/01/2026,cancelled,17828000.0
O00504,C0483,01/11/2026,complete,7342000.0
O00505,C0270,2025-10-01,pending,22193000.0
O00506,C0462,25/02/2026,Cancelled,13092000.0
O00507,C0105,21/05/2025,In Progress,8654000.0
O00508,C0284,08/04/2025,complete,14893000.0
O00509,C0019,08/29/2025,CANCELLED,6476000.0
O00510,C0488,2025-04-27,cancelled,2893000.0
O00511,C0143,2026-08-26,Completed,4708000.0
O00512,C0143,29/01/2026,pending,3286000.0
O00513,C0228,15/02/2025,Processing,38931000.0
O00514,C0338,03/18/2026,pending,22267000.0
O00515,C0017,07/09/2026,pending,21621000.0
O00516,C0473,2025-09-26,processing,30741000.0
O00517,C0372,2026-03-21,PENDING,18842000.0
O00518,C0199,22/10/2025,cancelled,13861000.0
O00519,C0084,2026-01-26,Processing,20685000.0
O00520,C0144,10/08/2025,processing,4420000.0
O00521,C0173,08/08/2026,pending,5013000.0
O00522,C0186,10/03/2025,Completed,4392000.0
O00523,C0064,11/11/2025,complete,23233000.0
O00524,C0228,2026-04-19,CANCELLED,15542000.0
O00525,C0019,03/01/2026,Processing,19797000.0
O00526,C0297,2025-03-23,completed,2268000.0
O00527,C0093,22/09/2025,complete,26620000.0
O00528,C0117,2025-06-28,Pending,16165000.0
O00529,C0336,02/09/2025,cancelled,12268000.0
O00530,C0022,2026-07-21,In Progress,16158000.0
O00531,C0133,09/21/2025,Completed,25200000.0
O00532,C0308,2025-08-29,PENDING,11213000.0
O00533,C0228,2025-04-26,Pending,14636000.0
O00534,C0167,2026-08-08,CANCELLED,12228000.0
O00535,C0449,17/10/2025,PENDING,2075000.0
O00536,C0404,01/04/2026,cancelled,16942000.0
O00537,C0241,2025-10-29,pending,6008000.0
O00538,C0023,2025-10-25,PENDING,10905000.0
O00539,C0109,2025-11-17,completed,22652000.0
O00540,C0426,20/08/2026,In Progress,2676000.0
O00541,C0041,03/21/2025,Cancelled,4754000.0
O00542,C0434,06/25/2026,CANCELLED,13783000.0
O00543,C0163,2025-10-03,DONE,4446000.0
O00544,C0125,06/01/2026,Cancelled,22229000.0
O00545,C0355,04/09/2025,Cancelled,9684000.0
O00546,C0181,28/07/2026,PENDING,2676000.0
O00547,C0248,12/09/2026,Canceled,12999000.0
O00548,C0292,09/05/2025,In Progress,12481000.0
O00549,C0300,22/05/2025,DONE,53825000.0
O00550,C0161,01/05/2025,Canceled,7750000.0
O00551,C0295,2026-05-22,processing,3863000.0
O00552,C0008,20/06/2025,CANCELLED,16690000.0
O00553,C0381,14/04/2025,Pending,12385000.0
O00554,C0354,06/20/2025,In Progress,43980000.0
O00555,C0471,2026-02-02,completed,4297500.0
O00556,C0357,2026-07-25,DONE,25785000.0
O00557,C0460,12/11/2025,Pending,33405000.0
O00558,C0038,12/30/2025,CANCELLED,33276000.0
O00559,C0380,03/23/2026,Canceled,10025000.0
O00560,C0376,2025-07-07,Pending,11580000.0
O00561,C0304,31/08/2026,cancelled,14978000.0
O00562,C0225,2025-06-30,complete,20781000.0
O00563,C0153,05/21/2026,PENDING,26944000.0
O00564,C0460,22/06/2026,cancelled,29049000.0
O00565,C0197,2025-11-23,In Progress,21270000.0
O00566,C0452,08/04/2025,DONE,13820000.0
O00567,C0051,2025-12-22,processing,5690000.0
O00568,C0141,2026-05-14,processing,32671000.0
O00569,C0481,2025-09-23,PENDING,15643000.0
O00570,C0143,05/25/2025,In Progress,21232000.0
O00571,C0387,06/22/2025,PENDING,2436000.0
O00572,C0410,2025-07-19,cancelled,1221000.0
O00573,C0105,10/16/2025,CANCELLED,19809000.0
O00574,C0267,2025-05-10,Completed,18655000.0
O00575,C0228,2026-03-19,complete,20802000.0
O00576,C0143,04/30/2025,Pending,54728000.0
O00577,C0373,03/18/2025,processing,11984500.0
O00578,C0142,04/10/2026,PENDING,3455000.0
O00579,C0162,02/09/2025,PENDING,10131000.0
O00580,C0163,07/14/2025,PENDING,22356000.0
O00581,C0005,2025-09-09,Canceled,18810000.0
O00582,C0136,2026-04-27,CANCELLED,19144000.0
O00583,C0145,05/15/2025,PENDING,8316000.0
O00584,C0384,2025-08-08,CANCELLED,21439000.0
O00585,C0286,2025-08-02,processing,22585000.0
O00586,C0353,09/27/2025,Canceled,12624000.0
O00587,C0327,24/12/2025,Processing,3455000.0
O00588,C0449,27/10/2025,CANCELLED,18704000.0
O00589,C0307,01/01/2026,Cancelled,31397000.0
O00590,C0113,26/04/2025,cancelled,8680000.0
O00591,C0127,12/03/2026,processing,26269000.0
O00592,C9947,04/27/2025,Canceled,5010000.0
O00593,C0397,05/11/2026,Canceled,15149000.0
O00594,C0015,25/10/2025,Processing,39175500.0
O00595,C0288,27/11/2025,completed,31345000.0
O00596,C0415,29/03/2026,Cancelled,8148000.0
O00597,C0138,13/05/2026,In Progress,2090000.0
O00598,C0420,16/02/2025,Canceled,13474000.0
O00599,C0294,06/20/2025,Processing,1746000.0
O00600,C0486,12/04/2025,Pending,30264000.0
O00601,C0411,24/01/2026,Completed,8876000.0
O00602,C0336,20/02/2025,In Progress,8846000.0
O00603,C0102,06/10/2025,Canceled,14317000.0
O00604,C0149,15/06/2025,complete,24703000.0
O00605,C0284,2025-09-12,PENDING,18153000.0
O00606,C0053,2026-05-29,Canceled,5832000.0
O00607,C0145,11/05/2025,In Progress,31885000.0
O00608,C0127,04/02/2025,PENDING,16784000.0
O00609,C0206,2025-05-15,Completed,6531000.0
O00610,C0038,2026-06-01,Cancelled,28036000.0
O00611,C0381,2026-07-09,In Progress,42000000.0
O00612,C0302,05/02/2026,completed,13550000.0
O00613,C0263,24/01/2025,complete,169000.0
O00614,C0052,28/09/2025,cancelled,15111000.0
O00615,C0220,04/06/2025,cancelled,9194000.0
O00616,C0248,19/10/2025,Processing,36499000.0
O00617,C0255,08/02/2026,Pending,17587000.0
O00618,C0296,26/01/2025,processing,12494000.0
O00619,C0245,31/07/2026,complete,3808000.0
O00620,C0415,2025-03-27,processing,11368000.0
O00621,C0304,13/09/2025,In Progress,2897000.0
O00622,C0430,2026-04-30,processing,10425000.0
O00623,C0130,2026-02-26,Completed,19457000.0
O00624,C0165,2026-08-02,cancelled,19487000.0
O00625,C0354,08/03/2025,CANCELLED,19276000.0
O00626,C0161,08/30/2025,CANCELLED,2845000.0
O00627,C0264,2026-07-23,pending,2523000.0
O00628,C0359,2025-03-21,Processing,29399000.0
O00629,C0267,05/05/2025,Processing,21474000.0
O00630,C0020,03/11/2026,In Progress,3668000.0
O00631,C0250,24/05/2025,Cancelled,29636000.0
O00632,C0152,05/01/2025,DONE,20736000.0
O00633,C0268,11/27/2025,complete,20845000.0
O00634,C0073,10/25/2025,In Progress,7447000.0
O00635,C0191,16/06/2026,completed,10560000.0
O00636,C0108,2025-12-05,In Progress,676000.0
O00637,C0367,01/05/2026,complete,15198000.0
O00638,C0077,27/04/2026,PENDING,21176000.0
O00639,C0097,07/24/2025,pending,28806000.0
O00640,C0170,04/07/2025,Canceled,11956000.0
O00641,C0035,25/12/2025,In Progress,13496000.0
O00642,C0008,17/07/2025,DONE,6285000.0
O00643,C0189,2026-02-17,In Progress,32857000.0
O00644,C0079,16/04/2025,Processing,17289000.0
O00645,C0135,08/01/2026,In Progress,37100000.0
O00646,C0331,01/28/2026,completed,5171000.0
O00647,C0108,2025-06-22,Processing,31219000.0
O00648,C0476,31/05/2025,Processing,14526000.0
O00649,C0166,03/21/2025,processing,51382000.0
O00650,C0218,04/29/2026,Completed,826000.0
O00651,C0124,28/07/2026,CANCELLED,2704000.0
O00652,C0182,11/16/2025,Completed,24278000.0
O00653,C0453,09/12/2026,processing,21221000.0
O00654,C0365,27/05/2025,cancelled,24395000.0
O00655,C0351,05/04/2025,cancelled,8204000.0
O00656,C0092,01/26/2025,cancelled,16964000.0
O00657,C0373,11/03/2026,processing,24205000.0
O00658,C0092,11/01/2025,Canceled,19040000.0
O00659,C0003,2026-08-24,DONE,21559000.0
O00660,C0469,09/17/2025,pending,16807000.0
O00661,C0018,09/10/2025,Cancelled,1245000.0
O00662,C0357,09/17/2025,Pending,14510000.0
O00663,C0442,28/04/2026,Canceled,8893000.0
O00664,C0243,13/07/2026,Pending,31107000.0
O00665,C0314,2025-06-06,Processing,39067000.0
O00666,C0215,05/03/2025,Cancelled,15410000.0
O00667,C0161,2025-04-10,Completed,18355000.0
O00668,C0171,11/21/2025,In Progress,24829000.0
O00669,C0484,01/11/2026,pending,21826000.0
O00670,C0214,03/04/2025,Processing,27985000.0
O00671,C0374,01/10/2025,Processing,18311000.0
O00672,C0142,2025-07-23,Cancelled,19380000.0
O00673,C0160,2025-10-08,DONE,29250000.0
O00674,C0239,08/05/2026,pending,14126000.0
O00675,C0046,04/30/2025,Processing,33321000.0
O00676,C0096,2025-11-22,Pending,19730000.0
O00677,C0112,01/19/2026,Pending,19944000.0
O00678,C0158,15/07/2025,Processing,14220000.0
O00679,C0195,2025-10-21,DONE,5928000.0
O00680,C0212,2025-08-20,complete,676000.0
O00681,C0152,23/09/2025,Cancelled,25936000.0
O00682,C0251,30/12/2025,completed,30687000.0
O00683,C0425,2025-06-24,Canceled,17411000.0
O00684,C0360,2026-03-21,DONE,18486000.0
O00685,C0359,2026-05-31,complete,39509000.0
O00686,C0133,2025-08-12,Completed,1092000.0
,C0265,10/07/2025,In Progress,0.0
O00688,C0166,01/17/2026,Cancelled,18288000.0
O00689,C0166,2025-04-18,complete,15679000.0
O00690,C0216,05/02/2026,Completed,21289000.0
O00691,C0096,02/01/2026,In Progress,14074000.0
O00692,C0096,01/23/2025,CANCELLED,8079000.0
O00693,C0375,13/02/2026,In Progress,6898000.0
O00694,C0192,09/08/2026,CANCELLED,4041000.0
O00695,C0154,11/02/2025,pending,14145000.0
O00696,C0397,10/03/2025,Cancelled,11708000.0
O00697,C0084,06/09/2026,complete,17032000.0
O00698,C0488,08/05/2026,processing,26513000.0
O00699,C0404,2025-02-25,DONE,8580000.0
O00700,C0235,2026-02-10,Canceled,13084000.0
O00701,C0103,2025-06-26,complete,20792000.0
O00702,C0121,07/28/2025,Pending,20653000.0
O00703,C0079,23/07/2026,Pending,45955000.0
O00704,C0177,04/13/2025,Canceled,13060000.0
O00705,C0468,29/04/2026,Canceled,9080000.0
O00706,C0391,09/04/2025,Processing,11403000.0
O00707,C0205,12/01/2025,CANCELLED,9974000.0
O00708,C0274,03/15/2025,Cancelled,31702000.0
O00709,C0114,02/07/2025,DONE,9252000.0
O00710,C0257,2025-01-02,Canceled,352000.0
O00711,C0071,2026-05-27,pending,20556000.0
O00712,C0223,04/06/2025,Canceled,17672000.0
O00713,C0218,04/06/2025,completed,13230000.0
O00714,C0018,2025-09-25,processing,18880000.0
O00715,C0350,2026-06-14,cancelled,13398000.0
O00716,C0352,2025-04-14,Canceled,3117000.0
O00717,C0164,05/12/2025,CANCELLED,46619000.0
O00718,C0006,13/05/2026,Cancelled,22181000.0
O00719,C0156,03/12/2026,pending,268000.0
O00720,C0258,01/17/2026,DONE,3608000.0
O00721,C0058,07/03/2025,Cancelled,13225000.0
O00722,C0077,2025-01-08,completed,601000.0
O00723,C0223,2025-02-19,Completed,22931000.0
O00724,C0445,2026-05-17,DONE,7186000.0
O00725,C0130,2026-03-12,DONE,12976000.0
O00726,C0092,2025-10-28,CANCELLED,4875000.0
O00727,C0167,11/01/2025,Pending,9207000.0
O00728,C0183,2025-02-07,Canceled,23085000.0
O00729,C0044,07/02/2026,Processing,4420000.0
O00730,C0325,21/05/2026,completed,19626000.0
O00731,C0353,2025-09-07,Cancelled,4365000.0
O00732,C0168,01/17/2026,In Progress,20690000.0
O00733,C0327,14/04/2025,PENDING,24740000.0
O00734,C0384,2025-11-06,Canceled,40082000.0
O00735,C0487,21/09/2025,Pending,50329000.0
O00736,C0407,16/07/2025,complete,10697000.0
O00737,C0356,2025-02-20,CANCELLED,12486000.0
O00738,C0141,07/10/2025,pending,14917000.0
O00739,C0466,05/07/2025,Completed,1323000.0
O00740,C0209,08/01/2025,Canceled,20910000.0
O00741,C0141,2025-10-01,complete,19637000.0
O00742,C0116,2025-01-19,Completed,7232000.0
O00743,C0314,10/22/2025,CANCELLED,27739000.0
O00744,C0326,02/09/2026,Cancelled,15110000.0
O00745,C0176,15/12/2025,complete,13758000.0
O00746,C0237,05/26/2026,processing,14688000.0
O00747,C0131,02/17/2026,pending,36576000.0
O00748,C0288,12/20/2025,In Progress,7666000.0
O00749,C0190,08/11/2025,completed,685000.0
O00750,C0016,06/09/2025,processing,10767000.0
O00751,C0290,18/03/2026,PENDING,7616000.0
O00752,C0381,05/18/2026,Canceled,11285000.0
O00753,C0194,2025-05-07,Canceled,10229000.0
O00754,C0057,2026-08-08,In Progress,22659000.0
O00755,C0206,2026-07-18,completed,4254000.0
O00756,C0462,06/09/2026,Completed,17621000.0
O00757,C0341,2025-11-22,CANCELLED,14356000.0
O00758,C0254,2026-04-21,Canceled,15226000.0
O00759,C0205,23/10/2025,complete,50434000.0
O00760,C0350,11/04/2025,CANCELLED,18049000.0
O00761,C0097,2025-01-30,In Progress,16041000.0
O00762,C0318,2026-05-31,cancelled,6688000.0
O00763,C0313,09/13/2025,Cancelled,16051000.0
O00764,C0488,01/15/2026,Canceled,7812000.0
O00765,C0436,06/15/2025,complete,25329000.0
O00766,C0090,29/04/2026,Processing,5372000.0
O00767,C0151,03/08/2025,processing,62650000.0
O00768,C0236,2025-09-08,Canceled,4662000.0
O00769,C0499,04/18/2026,pending,10991000.0
O00770,C0447,06/13/2025,Cancelled,12268000.0
O00771,C0004,02/03/2025,CANCELLED,21961000.0
O00772,C0442,30/01/2026,Cancelled,13985000.0
O00773,C0367,01/07/2026,pending,5529000.0
O00774,C0424,03/03/2025,Cancelled,18586000.0
O00775,C0187,14/02/2026,Cancelled,6208000.0
O00776,C0054,05/30/2025,Pending,37742000.0
O00777,C0188,2026-02-27,complete,21694000.0
O00778,C0408,2026-05-10,DONE,17529000.0
O00779,C0329,2025-03-17,cancelled,30614000.0
O00780,C0176,30/10/2025,CANCELLED,15876000.0
O00781,C0359,09/22/2025,Completed,21383000.0
O00782,C0390,2025-05-24,complete,9860000.0
O00783,C0451,01/15/2026,DONE,23957000.0
O00784,C0158,12/06/2025,completed,9995000.0
O00785,C0345,2025-10-29,In Progress,24133000.0
O00786,C0150,2026-01-29,Processing,15445000.0
O00787,C0299,07/11/2025,pending,19153000.0
O00788,C0370,05/06/2026,Canceled,27132000.0
O00789,C0498,12/19/2025,In Progress,9735000.0
O00790,C0161,20/06/2026,Canceled,2790000.0
O00791,C0446,22/06/2026,processing,40582000.0
O00792,C0008,08/03/2025,Processing,11596000.0
O00793,C0115,06/03/2025,Pending,29925000.0
O00794,C0183,05/26/2026,PENDING,12059000.0
O00795,C0460,22/08/2025,In Progress,8530000.0
O00796,C0017,13/02/2026,PENDING,62477000.0
O00797,C0035,2025-10-05,pending,20127000.0
O00798,C0291,20/06/2026,In Progress,33440000.0
O00799,C0094,2025-09-08,Cancelled,7557000.0
O00800,C0312,2025-09-30,complete,37191000.0
O00801,C0376,2025-03-07,complete,996000.0
O00802,C0117,07/09/2025,Cancelled,7914000.0
O00803,C0275,2025-02-22,pending,2944000.0
O00804,C0060,2026-03-29,Cancelled,18174000.0
O00805,C0278,27/08/2026,Cancelled,30696000.0
O00806,C0298,03/17/2026,Canceled,21657000.0
O00807,C0302,13/04/2026,DONE,5590000.0
O00808,C0253,06/30/2025,cancelled,23725000.0
O00809,C0488,03/11/2025,processing,13605000.0
O00810,C0348,07/29/2026,completed,21591000.0
O00811,C0058,06/07/2025,Completed,0.0
O00812,C0241,2026-05-23,processing,3201000.0
O00813,C0345,08/11/2025,Canceled,21595000.0
O00814,C0100,22/04/2025,In Progress,41435000.0
O00815,C0157,2025-11-24,cancelled,30810000.0
O00816,C0475,04/08/2025,Processing,5930000.0
O00817,C0099,02/10/2026,In Progress,2331000.0
O00818,C0081,11/30/2025,CANCELLED,15636000.0
O00819,C0400,03/10/2025,DONE,6402000.0
O00820,C0190,05/29/2025,DONE,14528000.0
O00821,C0425,19/11/2025,completed,26513000.0
O00822,C0391,2026-03-04,CANCELLED,1291500.0
O00823,C0182,2025-05-24,complete,6192000.0
O00824,C0107,2025-09-20,DONE,22970000.0
O00825,C0219,2026-01-27,In Progress,1472000.0
O00826,C0258,2026-03-27,Pending,13848000.0
O00827,C0083,11/30/2025,CANCELLED,19873000.0
O00828,C0488,02/17/2025,CANCELLED,23085000.0
O00829,C0128,2025-10-14,Cancelled,10218000.0
O00830,C0029,17/12/2025,DONE,2028000.0
O00831,C0057,29/04/2026,PENDING,21738000.0
O00832,C0212,06/05/2025,complete,1592000.0
O00833,C0288,01/04/2025,In Progress,9069000.0
O00834,C0280,09/24/2025,Completed,34714000.0
O00835,C0072,11/03/2025,completed,19618000.0
O00836,C0383,08/08/2025,complete,25092000.0
O00837,C0236,01/06/2026,In Progress,1701000.0
O00838,C0133,2025-09-19,Pending,14556000.0
O00839,C0329,25/02/2026,Cancelled,10977000.0
O00840,C0426,2026-06-26,completed,15080000.0
O00841,C0017,01/06/2026,cancelled,18719000.0
O00842,C0325,03/10/2025,Pending,10632000.0
O00843,C0499,07/26/2026,Processing,2004000.0
O00844,C0294,2026-04-25,In Progress,29517000.0
O00845,C0221,10/11/2025,Canceled,18796000.0
O00846,C0334,12/05/2025,In Progress,274000.0
O00847,C0174,2026-04-10,CANCELLED,2836000.0
O00848,C0295,2025-10-28,Cancelled,13957000.0
O00849,C0116,27/11/2025,Processing,24288000.0
O00850,C0300,12/01/2025,Canceled,19116000.0
O00851,C0395,2026-08-12,Processing,19530000.0
O00852,C0106,2025-11-12,PENDING,24353000.0
O00853,C0309,2025-02-10,DONE,27149000.0
O00854,C0446,2025-11-19,processing,22275000.0
O00855,C0084,2026-03-11,processing,9152000.0
O00856,C0014,21/05/2025,Pending,32215000.0
O00857,C0228,02/08/2025,pending,45423000.0
O00858,C0205,07/23/2025,Cancelled,16664000.0
O00859,C0048,2025-06-29,Pending,19491000.0
O00860,C0062,05/16/2026,DONE,884000.0
O00861,C0213,07/15/2025,pending,16005000.0
O00862,C0245,19/09/2025,Pending,17204000.0
O00863,C0004,2026-01-25,cancelled,7514000.0
O00864,C0185,11/14/2025,cancelled,39915000.0
O00865,C0118,28/03/2025,Cancelled,27145000.0
O00866,C0488,2025-10-09,complete,31728000.0
O00867,C0434,2025-09-12,PENDING,1801000.0
O00868,C0080,2025-05-24,Cancelled,4622000.0
O00869,C0306,03/08/2025,completed,26755000.0
O00870,C0422,2025-06-11,In Progress,22181000.0
O00871,C0495,05/06/2025,Processing,31468000.0
O00872,C0403,2025-06-16,cancelled,22232000.0
O00873,C0207,2026-01-18,Completed,814000.0
O00874,C0170,01/30/2025,Pending,20413000.0
O00875,C0468,02/22/2026,Canceled,18913000.0
O00876,C0081,2025-04-13,Completed,16831000.0
O00877,C0215,09/03/2025,CANCELLED,12903000.0
O00878,C0439,07/04/2026,In Progress,12404000.0
O00879,C0001,15/11/2025,Canceled,4521000.0
O00880,C0166,07/07/2026,pending,16134000.0
O00881,C0384,2026-08-08,In Progress,11221000.0
O00882,C9912,05/27/2025,Pending,10616000.0
O00883,C0368,2026-02-18,Pending,8385000.0
O00884,C0129,09/07/2025,completed,5220000.0
O00885,C0343,2026-08-28,DONE,4307500.0
O00886,C0217,01/19/2026,In Progress,14890000.0
O00887,C0479,02/05/2025,Cancelled,33498000.0
O00888,C0407,2025-07-22,PENDING,4420000.0
O00889,C0018,01/09/2025,Cancelled,14789000.0
O00890,C0293,2026-05-08,completed,6802000.0
O00891,C0232,08/08/2025,completed,3866000.0
O00892,C0061,14/10/2025,complete,27418000.0
O00893,C0131,12/16/2025,Cancelled,14116000.0
O00894,C0343,2025-12-17,DONE,17106000.0
O00895,C0219,2025-01-27,Processing,26069000.0
O00896,C0500,04/14/2026,PENDING,28711000.0
O00897,C0152,10/05/2025,completed,13181000.0
O00898,C0284,26/03/2025,In Progress,25533000.0
O00899,C0100,2025-05-26,Processing,4264000.0
O00900,C0376,12/29/2025,In Progress,7000000.0
O00901,C0269,02/18/2025,complete,25521000.0
O00902,C0356,2026-06-28,Completed,996000.0
O00903,C0349,06/19/2025,Processing,25085000.0
O00904,C0277,2026-03-11,completed,39715000.0
O00905,C0152,04/02/2026,CANCELLED,4180000.0
O00906,C0165,2025-05-20,Completed,2704000.0
O00907,C0129,2026-07-24,Completed,28092000.0
O00908,C0031,25/02/2026,Processing,29876000.0
O00909,C0392,09/06/2025,processing,14130000.0
O00910,C0201,29/08/2026,Processing,19729000.0
O00911,C0116,2025-10-10,Canceled,12458000.0
O00912,C0106,31/03/2026,Completed,30382000.0
O00913,C0327,05/01/2025,Completed,0.0
O00914,C0396,09/05/2026,processing,30200000.0
O00915,C0153,2025-05-08,Cancelled,18690000.0
O00916,C0451,16/12/2025,pending,2384000.0
O00917,C0058,04/23/2026,In Progress,30042000.0
O00918,C0444,05/14/2026,Processing,2268000.0
O00919,C0046,2026-09-10,completed,11036000.0
O00920,C0429,03/19/2026,Pending,19662000.0
O00921,C0443,14/10/2025,DONE,22966000.0
O00922,C0215,2025-09-15,Pending,2298000.0
O00923,C0366,2026-05-13,CANCELLED,282000.0
O00924,C0341,09/30/2025,CANCELLED,15974000.0
O00925,C0311,2026-06-16,Cancelled,13749000.0
O00926,C0303,2025-04-11,Pending,19342000.0
O00927,C0185,18/08/2026,Cancelled,4102000.0
O00928,C0178,27/03/2026,PENDING,34975000.0
O00929,C0382,2026-03-19,PENDING,10453000.0
O00930,C0093,2025-01-25,DONE,25165000.0
O00931,C0472,27/02/2026,cancelled,30645000.0
O00932,C0420,19/12/2025,processing,9909000.0
O00933,C0402,02/18/2025,cancelled,3989000.0
O00934,C0394,06/14/2025,completed,3872000.0
O00935,C0386,2025-12-23,cancelled,4180000.0
O00936,C0181,06/07/2026,processing,5675000.0
O00937,C0052,03/04/2025,CANCELLED,20380000.0
O00938,C0328,10/07/2025,In Progress,24678000.0
O00939,C0249,26/12/2025,Canceled,29782000.0
O00940,C0492,2025-06-22,Pending,9858000.0
O00941,C0298,11/14/2025,complete,22704000.0
O00942,C0204,2025-03-19,PENDING,4110000.0
O00943,C0307,02/19/2026,processing,10526000.0
O00944,C0273,29/12/2025,Processing,7284000.0
O00945,C0433,28/10/2025,Pending,18160000.0
O00946,C0227,02/11/2025,processing,1192000.0
O00947,C0014,2026-05-22,Processing,19298000.0
O00948,C0226,10/08/2025,Pending,27632000.0
O00949,C0494,22/01/2025,CANCELLED,44033000.0
O00950,C0285,19/07/2026,Processing,6285000.0
O00951,C0435,06/16/2026,CANCELLED,22225000.0
O00952,C0383,25/09/2025,completed,14776000.0
O00953,C0190,01/09/2026,DONE,12546000.0
O00954,C0040,05/18/2025,In Progress,18529000.0
O00955,C0066,04/09/2025,cancelled,6350000.0
O00956,C0054,09/11/2026,complete,7808000.0
O00957,C0239,03/10/2025,PENDING,6642000.0
O00958,C0225,2026-05-25,Canceled,7695000.0
O00959,C9907,28/07/2026,pending,9324000.0
O00960,C0445,2025-06-01,DONE,22183200.0
O00961,C0292,09/16/2025,PENDING,12092000.0
O00962,C0252,18/03/2026,Processing,12295000.0
O00963,C0339,08/04/2026,complete,6992000.0
O00964,C0292,06/05/2026,In Progress,53263000.0
O00965,C0301,11/19/2025,pending,15018000.0
O00966,C0301,05/03/2025,pending,10701000.0
O00967,C0374,2025-06-15,In Progress,39580000.0
O00968,C0397,07/03/2025,pending,15680000.0
O00969,C0374,2025-05-03,pending,12804000.0
O00970,C0294,02/01/2026,CANCELLED,24821000.0
O00971,C0071,18/12/2025,pending,7460000.0
O00972,C0091,2026-03-17,Canceled,28166000.0
O00973,C0134,16/02/2026,In Progress,14265000.0
O00974,C0325,2025-03-25,cancelled,21370000.0
O00975,C0011,09/13/2026,pending,6864000.0
O00976,C0049,2025-06-22,pending,6642000.0
O00977,C0197,2025-11-10,complete,1552000.0
O00978,C0097,26/05/2026,Processing,13465000.0
O00979,C0447,06/08/2025,complete,23494000.0
O00980,C0457,03/28/2026,Processing,3980000.0
O00981,C0417,04/01/2026,Pending,10257000.0
O00982,C0414,16/11/2025,PENDING,441000.0
O00983,C0093,2026-08-28,processing,1039000.0
O00984,C0099,10/09/2026,completed,17288000.0
O00985,C0402,04/04/2026,Pending,48685000.0
O00986,C0188,2025-05-25,CANCELLED,22216000.0
O00987,C0022,01/02/2026,Cancelled,24432000.0
O00988,C0435,06/17/2026,completed,18831000.0
O00989,C0388,14/07/2026,processing,25416000.0
O00990,C0070,04/04/2026,completed,2459000.0
O00991,C0207,22/03/2026,Pending,39817000.0
O00992,C0252,04/17/2025,CANCELLED,13624000.0
O00993,C0157,05/25/2026,Pending,7318000.0
O00994,C0097,04/02/2025,processing,26871000.0
O00995,C0379,2025-02-19,pending,32796800.0
O00996,C0198,07/12/2025,pending,15939000.0
O00997,C0379,06/05/2026,processing,10685000.0
O00998,C0349,15/02/2025,Pending,4716000.0
O00999,C0457,2025-08-15,complete,19384000.0
O01000,C0254,2025-07-31,pending,8091000.0
O01001,C0106,2025-04-30,PENDING,8584000.0
O01002,C0417,2025-12-05,cancelled,15616000.0
O01003,C0470,2026-02-16,In Progress,7000000.0
O01004,C0127,2025-09-22,DONE,13975000.0
O01005,C0210,11/01/2025,cancelled,11059000.0
O01006,C0432,07/14/2025,Completed,19820000.0
O01007,C0321,2026-02-09,Canceled,6476000.0
O01008,C0037,28/04/2025,Processing,12452000.0
O01009,C0094,07/04/2026,processing,10020000.0
O01010,C0490,12/02/2026,DONE,13717000.0
O01011,C0056,2025-05-03,In Progress,3201000.0
O01012,C0434,05/25/2026,Processing,25386000.0
O01013,C0241,2026-05-06,Pending,0.0
O01014,C0427,02/02/2026,Pending,9767000.0
O01015,C0124,23/03/2026,complete,141000.0
O01016,C0227,2026-09-04,In Progress,15711000.0
O01017,C0163,2025-02-14,pending,6496000.0
O01018,C0441,14/09/2025,complete,14572000.0
O01019,C0462,2025-02-27,cancelled,23174000.0
O01020,C0259,03/07/2025,Processing,11419000.0
O01021,C0172,2026-03-26,Canceled,5636000.0
O01022,C0309,2026-06-26,In Progress,9086000.0
O01023,C0494,11/22/2025,Pending,30592000.0
O01024,C0210,06/15/2026,PENDING,34550000.0
O01025,C0087,2025-11-26,Pending,21903000.0
O01026,C0351,2025-08-28,Cancelled,14449000.0
O01027,C0417,2026-02-01,PENDING,7616000.0
O01028,C0019,2026-08-01,PENDING,10644000.0
O01029,C0422,03/05/2026,CANCELLED,19820000.0
O01030,C9980,09/01/2025,cancelled,3492000.0
O01031,C0177,11/04/2026,In Progress,28305000.0
O01032,C0451,04/01/2026,In Progress,27761000.0
O01033,C0375,2025-06-28,DONE,13162000.0
O01034,C0379,2025-01-22,Completed,22275000.0
O01035,C0236,25/02/2026,Processing,33107000.0
O01036,C0431,28/12/2025,CANCELLED,6151000.0
O01037,C0236,09/04/2026,cancelled,22955000.0
O01038,C0173,2025-11-30,Canceled,9797000.0
O01039,C0126,08/11/2025,Processing,12423000.0
O01040,C0486,08/01/2026,cancelled,9438000.0
O01041,C0110,2026-02-07,CANCELLED,7207000.0
O01042,C0154,2026-02-27,processing,10030000.0
O01043,C0283,06/10/2025,CANCELLED,12941000.0
O01044,C0093,30/03/2026,In Progress,31525000.0
O01045,C0342,06/26/2025,processing,5730000.0
O01046,C0295,22/07/2025,CANCELLED,8884000.0
O01047,C0126,05/14/2025,Completed,11884000.0
O01048,C0347,2025-04-10,Pending,407000.0
O01049,C0472,24/02/2025,pending,12851000.0
O01050,C0104,2025-06-04,DONE,3870000.0
O01051,C0320,20/11/2025,cancelled,38681000.0
O01052,C0361,2025-06-29,complete,36772000.0
O01053,C0462,2025-06-05,CANCELLED,13535000.0
O01054,C0082,07/30/2026,cancelled,39277000.0
O01055,C0354,13/09/2025,Processing,13443000.0
O01056,C0387,10/02/2025,CANCELLED,12195000.0
O01057,C0245,24/06/2025,complete,25360000.0
O01058,C0230,21/01/2025,Completed,2896000.0
O01059,C0454,2026-01-14,In Progress,34047000.0
O01060,C0154,02/08/2026,Pending,11451000.0
O01061,C0493,25/11/2025,PENDING,18816000.0
O01062,C0410,2026-05-22,cancelled,1592000.0
O01063,C0436,09/16/2025,Completed,27100000.0
O01064,C0251,11/23/2025,Pending,7576000.0
O01065,C0359,10/11/2025,cancelled,22665000.0
O01066,C0021,10/07/2025,Cancelled,19755000.0
O01067,C0171,07/19/2026,Processing,22050000.0
O01068,C0377,11/08/2026,complete,43744000.0
O01069,C0464,2026-04-27,cancelled,40737000.0
O01070,C0357,01/20/2026,completed,14465000.0
O01071,C9924,12/17/2025,DONE,15564000.0
O01072,C0283,17/07/2025,Completed,15314000.0
O01073,C0468,04/06/2026,pending,20699000.0
O01074,C0442,2026-06-06,Pending,31322400.0
O01075,C0125,2025-03-18,complete,12068000.0
O01076,C0293,2025-08-31,PENDING,4552000.0
O01077,C0007,2025-12-16,PENDING,11364000.0
O01078,C0321,04/17/2026,Completed,20543000.0
O01079,C0314,2025-05-05,In Progress,1328000.0
O01080,C0475,03/25/2025,Pending,34107000.0
O01081,C0002,2026-03-20,Processing,9507000.0
O01082,C0368,03/23/2025,complete,5056000.0
O01083,C0244,07/22/2025,Canceled,17467000.0
O01084,C0241,22/10/2025,Pending,21102000.0
O01085,C0260,2025-01-07,processing,12564000.0
O01086,C0074,07/10/2026,Processing,21390000.0
O01087,C0360,19/03/2025,Processing,12696000.0
O01088,C0084,02/09/2026,completed,28048000.0
O01089,C0260,20/10/2025,cancelled,20578000.0
O01090,C0377,09/04/2025,PENDING,88000.0
,C0129,2025-10-16,Pending,0.0
O01092,C0253,12/19/2025,pending,4190000.0
O01093,C0041,02/04/2026,PENDING,2268000.0
O01094,C0395,01/06/2026,pending,14636000.0
O01095,C0373,11/23/2025,completed,21030000.0
O01096,C0190,27/05/2026,Canceled,25197000.0
O01097,C0117,08/25/2026,pending,11102000.0
O01098,C0210,22/04/2026,completed,11240000.0
O01099,C0445,2026-04-21,In Progress,30827000.0
O01100,C0385,2026-01-30,pending,36699000.0
O01101,C0196,2025-06-02,completed,30875000.0
O01102,C0406,2025-06-26,Processing,6412000.0
O01103,C0009,05/02/2026,processing,20153000.0
O01104,C0102,2025-01-23,cancelled,21834000.0
O01105,C0425,2026-07-17,processing,45845000.0
O01106,C0311,2026-05-27,CANCELLED,3067000.0
O01107,C0497,2025-03-03,pending,37560000.0
O01108,C0362,2026-05-04,complete,14740000.0
O01109,C0266,22/05/2026,Cancelled,18655000.0
O01110,C0490,12/11/2025,In Progress,40944000.0
O01111,C9903,03/16/2026,Pending,4552000.0
O01112,C0272,10/16/2025,complete,27260000.0
O01113,C0190,2026-08-02,pending,4672000.0
O01114,C0190,04/03/2026,In Progress,16254000.0
O01115,C0120,17/11/2025,cancelled,10472000.0
O01116,C0296,2025-12-06,processing,19931000.0
O01117,C0401,2026-08-10,processing,9975000.0
O01118,C0289,04/27/2026,Completed,18227000.0
O01119,C0197,2025-06-01,completed,17761000.0
O01120,C0237,2026-09-10,completed,3014000.0
O01121,C0200,17/07/2025,Processing,12875000.0
O01122,C0243,10/09/2025,pending,16605000.0
O01123,C0423,10/05/2026,processing,1340000.0
O01124,C0249,11/18/2025,Processing,13365000.0
O01125,C0491,04/09/2026,PENDING,10624000.0
O01126,C0032,2025-07-19,completed,12875000.0
O01127,C0217,2025-01-12,complete,13092000.0
O01128,C0152,2025-01-26,cancelled,11321000.0
O01129,C0239,06/01/2025,Canceled,13303000.0
O01130,C0305,31/03/2026,pending,5262000.0
O01131,C0142,22/07/2025,Canceled,28428000.0
O01132,C0301,2025-05-12,Pending,5590000.0
O01133,C0445,01/12/2025,Canceled,5158000.0
O01134,C0162,01/20/2026,pending,4552000.0
O01135,C0331,28/11/2025,In Progress,27300000.0
O01136,C0429,05/02/2025,Completed,3939000.0
O01137,C0453,08/06/2026,Processing,28906000.0
O01138,C0475,2025-03-11,In Progress,8820000.0
O01139,C0084,29/08/2025,DONE,5891000.0
O01140,C0042,27/02/2026,pending,14480000.0
O01141,C0280,03/05/2025,CANCELLED,17502000.0
O01142,C0356,2025-06-08,pending,30312000.0
O01143,C0082,2025-04-29,Processing,4488000.0
O01144,C0331,07/26/2026,PENDING,3568000.0
O01145,C0116,2026-05-06,Pending,12378000.0
O01146,C0487,06/06/2025,completed,3492000.0
O01147,C0388,10/02/2026,Completed,3496000.0
O01148,C0343,2026-03-01,Pending,4521000.0
O01149,C0302,02/06/2025,processing,13545000.0
O01150,C0004,12/24/2025,pending,2078000.0
O01151,C0261,2025-06-18,In Progress,11866000.0
O01152,C0004,10/16/2025,completed,3911000.0
O01153,C0082,26/07/2025,complete,13141000.0
O01154,C0168,09/24/2025,pending,5280000.0
O01155,C0232,2025-01-30,Canceled,13092000.0
O01156,C0058,02/12/2025,Pending,10588000.0
O01157,C0103,08/07/2026,complete,19612000.0
O01158,C0454,31/08/2026,Completed,8247000.0
O01159,C0332,2025-08-24,Completed,705000.0
O01160,C0159,13/01/2025,Processing,12940000.0
O01161,C0256,02/02/2026,completed,7000000.0
O01162,C0309,06/19/2025,cancelled,264000.0
O01163,C0408,2025-09-12,Pending,34664000.0
O01164,C0318,2025-02-21,DONE,9361000.0
O01165,C0228,2026-01-26,Processing,23666000.0
O01166,C0189,09/08/2025,In Progress,19948000.0
O01167,C0449,17/01/2026,Completed,42470000.0
O01168,C0153,2025-02-05,DONE,8884000.0
O01169,C0234,29/07/2025,Pending,10512000.0
O01170,C0008,26/04/2025,In Progress,15000000.0
O01171,C0356,2026-07-25,completed,34285000.0
O01172,C0033,06/06/2025,PENDING,4182000.0
O01173,C0194,31/01/2025,CANCELLED,27596000.0
O01174,C0212,06/29/2025,Pending,14618000.0
O01175,C0492,10/15/2025,completed,14124000.0
O01176,C0104,2025-10-01,complete,21117000.0
O01177,C0354,04/04/2026,pending,4068000.0
O01178,C0287,16/05/2026,pending,26083000.0
O01179,C0046,05/09/2026,Canceled,7713000.0
O01180,C0192,16/01/2026,In Progress,18579000.0
O01181,C0328,12/22/2025,processing,2835000.0
O01182,C0191,2026-04-24,completed,14076000.0
O01183,C0346,10/07/2026,Completed,3602000.0
O01184,C0309,17/09/2025,completed,985000.0
O01185,C0231,2026-07-07,processing,25344000.0
O01186,C0260,05/29/2025,complete,11341000.0
O01187,C0436,08/11/2026,processing,19572000.0
O01188,C0042,03/06/2026,Pending,25452000.0
O01189,C0295,01/05/2025,Processing,14216000.0
O01190,C0351,09/12/2025,PENDING,32294000.0
O01191,C0429,01/18/2026,CANCELLED,16945000.0
O01192,C0113,08/14/2026,Cancelled,35773000.0
O01193,C0116,04/10/2026,Processing,12305000.0
O01194,C0458,2026-06-01,Cancelled,2795000.0
O01195,C0356,10/11/2025,Canceled,14396000.0
O01196,C0278,2025-04-09,Pending,16412000.0
O01197,C0152,05/04/2025,Processing,3496000.0
O01198,C0035,17/09/2025,pending,23165000.0
O01199,C0339,17/02/2026,completed,21911000.0
O01200,C0192,08/02/2025,CANCELLED,35388000.0
O01201,C0326,2026-08-31,CANCELLED,1443000.0
O01202,C0164,12/26/2025,completed,11738000.0
O01203,C0441,28/01/2026,PENDING,1326000.0
O01204,C0301,2025-12-26,CANCELLED,1138000.0
O01205,C0020,15/05/2026,Cancelled,19557000.0
O01206,C0043,09/09/2025,pending,2140000.0
O01207,C0384,2025-12-12,cancelled,6715000.0
O01208,C0159,2026-07-20,CANCELLED,1216000.0
O01209,C0049,01/11/2025,In Progress,26622000.0
O01210,C0400,2025-01-29,Canceled,25495000.0
O01211,C0238,10/09/2025,Cancelled,9748000.0
O01212,C0130,2026-08-23,CANCELLED,18940000.0
O01213,C0151,06/16/2025,DONE,12922000.0
O01214,C0219,2025-04-23,Processing,352000.0
O01215,C0247,13/05/2026,PENDING,6779000.0
O01216,C0414,30/06/2025,Pending,8655000.0
O01217,C0115,2025-12-15,CANCELLED,16095000.0
O01218,C0414,2025-04-29,Processing,11068000.0
O01219,C0380,12/09/2026,pending,24137000.0
O01220,C0188,03/17/2026,Completed,36289000.0
O01221,C0215,01/05/2026,completed,2394000.0
O01222,C0035,03/08/2025,DONE,37147000.0
O01223,C0244,2026-02-15,Processing,10129000.0
O01224,C0013,06/15/2025,Processing,5244000.0
O01225,C0229,14/07/2026,Completed,6366000.0
O01226,C0498,2025-07-09,Cancelled,11180000.0
O01227,C0119,2025-07-27,completed,975000.0
O01228,C0006,2026-01-16,PENDING,51691000.0
O01229,C0341,30/09/2025,Pending,5244000.0
O01230,C0164,2025-09-07,In Progress,17653000.0
O01231,C0244,2026-05-05,Processing,23015000.0
O01232,C0199,2026-07-21,PENDING,10058000.0
O01233,C0066,07/06/2026,PENDING,20641000.0
O01234,C0038,08/03/2026,processing,37307000.0
O01235,C0430,06/01/2026,Completed,2078000.0
O01236,C0386,19/03/2026,Completed,8911200.0
O01237,C0099,01/18/2026,Canceled,7564000.0
O01238,C0384,05/11/2025,Canceled,24049000.0
O01239,C0124,06/09/2026,Completed,3728000.0
O01240,C0222,2026-09-07,Cancelled,10416000.0
O01241,C0361,30/05/2025,pending,16329000.0
O01242,C0202,15/10/2025,DONE,12284000.0
O01243,C0471,12/11/2025,Canceled,3104000.0
O01244,C0241,12/12/2025,Cancelled,26441000.0
O01245,C0129,10/02/2025,complete,17768000.0
O01246,C0161,28/11/2025,processing,37474000.0
O01247,C0099,10/12/2025,cancelled,1978000.0
O01248,C0307,03/11/2026,Processing,40875000.0
O01249,C0411,10/30/2025,DONE,26662000.0
O01250,C0105,2026-04-19,In Progress,5844000.0
O01251,C0371,2025-10-26,In Progress,32019000.0
O01252,C0405,12/12/2025,Canceled,34134000.0
O01253,C0201,05/11/2026,completed,17640000.0
O01254,C0276,12/16/2025,Completed,23107000.0
O01255,C0130,2025-05-08,Cancelled,26630000.0
O01256,C0097,09/18/2025,cancelled,29460000.0
O01257,C0262,05/08/2026,Processing,4212000.0
O01258,C0219,17/05/2026,pending,17555000.0
O01259,C0199,2025-11-17,Processing,3728000.0
O01260,C0186,25/02/2025,Pending,22080000.0
O01261,C0281,2026-07-03,In Progress,1596000.0
O01262,C0352,03/10/2026,PENDING,17319000.0
O01263,C0031,01/11/2025,DONE,7127000.0
O01264,C0146,2026-03-17,In Progress,13184000.0
O01265,C0310,2026-08-08,complete,26061000.0
O01266,C0012,2026-07-21,complete,24915000.0
O01267,C0413,2026-01-28,Pending,5454000.0
O01268,C0293,2025-10-04,Pending,31146000.0
O01269,C0433,21/02/2026,In Progress,40727000.0
O01270,C0085,2025-06-27,Completed,33083000.0
O01271,C0123,12/11/2025,Canceled,4521000.0
O01272,C0119,04/13/2025,CANCELLED,15698000.0
O01273,C0227,06/03/2025,CANCELLED,7286000.0
O01274,C0012,07/09/2026,processing,28025000.0
O01275,C0224,2026-06-21,completed,13729000.0
O01276,C0260,02/02/2026,Processing,2384000.0
O01277,C0361,2025-03-21,CANCELLED,31044000.0
O01278,C0107,12/08/2025,DONE,3251000.0
O01279,C0128,10/25/2025,CANCELLED,10457000.0
O01280,C0492,01/25/2025,In Progress,5942000.0
O01281,C0034,09/04/2026,PENDING,52812000.0
O01282,C0177,04/01/2026,pending,1425000.0
O01283,C0371,02/04/2026,pending,29900000.0
O01284,C0179,23/08/2025,completed,5382000.0
O01285,C0081,2025-06-22,processing,15566000.0
O01286,C0187,02/19/2025,Pending,13092000.0
O01287,C0048,2026-07-21,DONE,12875000.0
O01288,C0232,02/06/2025,processing,13535000.0
O01289,C0446,10/07/2025,Canceled,33132000.0
O01290,C0267,03/10/2025,Pending,2836000.0
O01291,C0294,30/06/2025,Canceled,5840000.0
O01292,C0121,2025-01-18,Pending,2095000.0
O01293,C0138,03/07/2025,PENDING,8828000.0
O01294,C0390,2026-01-13,In Progress,28257000.0
O01295,C0478,11/07/2025,Pending,36871000.0
O01296,C0393,10/06/2025,PENDING,17508000.0
O01297,C0459,2025-02-28,Processing,20367000.0
O01298,C0241,06/09/2025,processing,7612000.0
O01299,C0294,13/10/2025,Processing,15363000.0
O01300,C0364,2025-04-23,In Progress,22626000.0
O01301,C0311,2025-02-13,Cancelled,27409000.0
O01302,C0148,04/17/2026,CANCELLED,6864000.0
O01303,C0282,07/09/2026,CANCELLED,36913000.0
O01304,C0493,17/06/2026,CANCELLED,22210000.0
O01305,C0086,2026-05-31,Processing,12090000.0
O01306,C0038,2026-09-07,completed,14387000.0
O01307,C0196,2026-01-20,DONE,30729000.0
O01308,C0250,23/07/2025,In Progress,4661000.0
O01309,C0385,05/31/2025,processing,34326000.0
O01310,C0203,2025-09-08,pending,3129000.0
O01311,C0130,05/14/2026,CANCELLED,7089600.0
O01312,C0191,29/07/2025,Processing,7548000.0
O01313,C0126,30/05/2025,pending,31084000.0
O01314,C0028,12/25/2025,CANCELLED,30555000.0
O01315,C0040,09/05/2026,Completed,0.0
O01316,C0021,06/05/2026,complete,23167000.0
O01317,C0159,2026-06-03,Pending,27090000.0
O01318,C0382,2026-07-30,PENDING,17392000.0
O01319,C0112,18/06/2026,pending,11559000.0
O01320,C0172,17/04/2026,DONE,35150000.0
O01321,C0027,14/06/2026,pending,27690000.0
O01322,C0222,2026-06-11,pending,20809000.0
O01323,C0170,2026-03-27,complete,1035000.0
O01324,C0391,21/07/2025,CANCELLED,10403000.0
O01325,C0113,2025-02-12,complete,1746000.0
O01326,C0100,05/03/2026,Processing,19530000.0
O01327,C0219,2026-07-15,Completed,9897000.0
O01328,C0034,06/17/2025,completed,8562000.0
O01329,C0403,2025-03-09,CANCELLED,37770000.0
O01330,C0059,23/03/2025,cancelled,7540000.0
O01331,C0436,04/26/2026,DONE,24404000.0
O01332,C0270,06/09/2025,complete,3956000.0
O01333,C0116,23/01/2025,cancelled,36352000.0
O01334,C0482,06/06/2026,CANCELLED,15000000.0
O01335,C0027,2026-08-29,complete,13953000.0
O01336,C0285,17/08/2025,Processing,33239000.0
O01337,C0475,11/04/2025,completed,4691000.0
O01338,C0215,2026-08-04,complete,11464000.0
O01339,C0084,08/05/2026,Pending,42455000.0
O01340,C0224,20/02/2026,processing,14128800.0
O01341,C0016,08/12/2025,Pending,14162000.0
O01342,C0250,19/05/2026,processing,9830000.0
O01343,C0435,08/29/2025,Processing,3602000.0
O01344,C0173,06/13/2025,completed,27726000.0
O01345,C0437,2025-03-26,PENDING,25507000.0
O01346,C0005,03/06/2025,Cancelled,14526000.0
O01347,C0479,05/06/2025,Pending,12387000.0
O01348,C0017,05/17/2025,DONE,31864500.0
O01349,C0342,2026-08-09,pending,24210000.0
O01350,C0170,2025-04-13,PENDING,798000.0
O01351,C0001,16/07/2025,Cancelled,13284000.0
O01352,C0137,08/31/2026,pending,21872000.0
O01353,C0071,2025-03-08,Completed,1472000.0
O01354,C0255,2025-08-18,completed,2196000.0
O01355,C0437,12/13/2025,processing,8736000.0
O01356,C0415,09/04/2026,completed,34408000.0
O01357,C0215,2025-08-29,complete,3671000.0
O01358,C0237,2025-06-02,Processing,33194000.0
O01359,C0031,2026-08-25,processing,28107000.0
O01360,C0065,02/06/2025,pending,8794000.0
O01361,C0353,11/24/2025,processing,9910000.0
O01362,C0223,02/24/2026,complete,23512000.0
O01363,C9995,30/04/2026,Pending,47666000.0
O01364,C0201,2025-07-16,Pending,10740000.0
O01365,C0431,16/09/2025,processing,9788000.0
O01366,C0338,12/02/2026,complete,17448000.0
O01367,C0418,12/01/2025,cancelled,4826000.0
O01368,C0491,2026-08-04,Processing,19165000.0
O01369,C0489,14/09/2025,pending,34589000.0
O01370,C0076,02/13/2025,In Progress,46863000.0
O01371,C0254,12/10/2025,Processing,2796000.0
O01372,C0395,01/10/2025,DONE,6137000.0
O01373,C0410,2026-01-17,pending,32141000.0
O01374,C0396,2026-05-29,processing,1370000.0
O01375,C0349,06/02/2026,Canceled,23877000.0
O01376,C0223,02/10/2025,completed,5404000.0
O01377,C0023,19/10/2025,Completed,0.0
O01378,C0322,06/03/2025,Canceled,3192000.0
O01379,C0473,19/11/2025,processing,19943000.0
O01380,C0154,09/02/2025,DONE,4282000.0
O01381,C0003,2026-06-28,pending,18980000.0
O01382,C0123,2026-02-11,Cancelled,25380000.0
O01383,C0411,2025-10-08,cancelled,33769000.0
O01384,C0394,07/09/2026,PENDING,22446000.0
O01385,C0110,2026-07-01,complete,10212000.0
O01386,C0474,2026-02-03,complete,22491000.0
O01387,C0008,03/16/2026,complete,28656000.0
O01388,C0485,2026-05-07,PENDING,1986000.0
O01389,C0375,09/22/2025,DONE,16755000.0
O01390,C0213,06/15/2025,Processing,24611000.0
O01391,C0186,04/10/2025,Completed,1801000.0
O01392,C0040,2025-06-09,Pending,6912000.0
O01393,C0399,04/10/2025,pending,18308000.0
O01394,C0063,05/28/2026,Cancelled,21942000.0
O01395,C0247,2025-10-12,DONE,43335000.0
O01396,C0091,02/02/2026,Completed,19493000.0
O01397,C0467,2025-03-30,processing,25575000.0
O01398,C0083,19/06/2026,In Progress,30297000.0
O01399,C0180,31/01/2025,Cancelled,9995000.0
O01400,C0414,2026-06-09,Processing,4646000.0
O01401,C0318,05/11/2026,Pending,4130000.0
O01402,C0428,22/05/2026,cancelled,26974000.0
O01403,C0329,2026-01-13,pending,28578000.0
O01404,C0097,2025-01-04,DONE,32375000.0
O01405,C0333,13/12/2025,pending,1784000.0
O01406,C0044,05/18/2025,Pending,9520000.0
O01407,C0243,2026-05-22,Completed,23110000.0
O01408,C0403,11/21/2025,completed,37221000.0
O01409,C0151,09/02/2025,PENDING,5140000.0
O01410,C0494,21/05/2025,complete,3720000.0
O01411,C0144,12/15/2025,pending,3014000.0
O01412,C0039,26/05/2026,Completed,18033000.0
O01413,C0014,10/19/2025,Processing,8895000.0
O01414,C0446,21/05/2025,Pending,18768000.0
O01415,C0049,2025-09-28,complete,29108000.0
O01416,C0296,2025-08-06,Pending,14544000.0
O01417,C0142,11/15/2025,PENDING,59041000.0
O01418,C0479,08/15/2026,DONE,30535000.0
O01419,C0052,18/02/2026,Completed,10472000.0
O01420,C0337,2025-12-08,Pending,5816000.0
O01421,C0049,26/08/2026,Pending,45614000.0
O01422,C0241,05/01/2026,Pending,26515000.0
O01423,C0303,29/07/2026,Pending,6835000.0
O01424,C0095,08/06/2026,Pending,33538000.0
O01425,C0241,2025-08-12,In Progress,10803000.0
O01426,C0491,2026-06-06,cancelled,1352000.0
O01427,C0296,2025-07-12,processing,7924000.0
O01428,C0109,02/02/2026,complete,12875000.0
O01429,C0208,28/08/2026,complete,6253000.0
O01430,C0316,08/05/2025,CANCELLED,5212000.0
O01431,C0001,04/28/2025,processing,12528000.0
O01432,C0354,05/12/2025,In Progress,11495000.0
O01433,C0062,2025-09-12,Pending,264000.0
O01434,C0382,02/17/2025,pending,25832000.0
O01435,C0069,08/12/2025,Pending,3184000.0
O01436,C0334,08/04/2025,Pending,30192000.0
O01437,C0212,20/04/2025,Processing,16736000.0
O01438,C0076,07/05/2025,completed,37667000.0
O01439,C0338,16/06/2026,complete,31172000.0
O01440,C0440,30/05/2025,Canceled,22989000.0
O01441,C0446,06/09/2025,CANCELLED,12469000.0
O01442,C0026,16/09/2025,Canceled,3233000.0
O01443,C0032,03/03/2025,cancelled,13801000.0
O01444,C0105,2026-02-28,DONE,15612000.0
O01445,C0144,01/07/2025,PENDING,6492000.0
O01446,C0034,24/08/2026,complete,24981000.0
O01447,C0231,25/07/2025,completed,37286000.0
O01448,C0139,14/06/2025,Processing,24257000.0
O01449,C0009,29/08/2025,Canceled,28021000.0
O01450,C0486,2026-07-19,processing,29386000.0
O01451,C0370,01/15/2026,Completed,34881000.0
O01452,C0140,2026-06-13,Cancelled,36096000.0
O01453,C0291,20/04/2025,complete,14087000.0
O01454,C0388,07/24/2026,processing,27145000.0
O01455,C0271,04/01/2025,PENDING,3072000.0
O01456,C0395,2026-07-22,completed,19612000.0
O01457,C0100,07/11/2025,completed,4442000.0
O01458,C0129,10/06/2025,processing,20778000.0
O01459,C0343,2026-09-09,completed,23419000.0
O01460,C0242,2025-07-20,DONE,14054000.0
O01461,C0183,28/04/2026,complete,29132000.0
O01462,C0221,2026-07-30,PENDING,36430000.0
O01463,C0459,2025-05-21,Canceled,24667000.0
O01464,C0240,2026-02-27,PENDING,23184000.0
O01465,C0500,2026-07-16,In Progress,33913000.0
O01466,C0110,2025-08-12,pending,7962000.0
O01467,C0006,25/08/2026,PENDING,53889000.0
O01468,C0302,06/04/2026,Pending,4156000.0
O01469,C0314,05/02/2025,complete,19676000.0
O01470,C0023,05/03/2026,complete,6572000.0
O01471,C0337,07/01/2025,processing,5982000.0
O01472,C0052,04/01/2025,processing,47610000.0
O01473,C0001,14/03/2026,completed,21722000.0
O01474,C0285,06/18/2025,PENDING,25663000.0
O01475,C0011,2025-10-09,Processing,796000.0
O01476,C0378,2025-02-16,Processing,16686000.0
O01477,C0102,2025-05-16,CANCELLED,2288000.0
O01478,C0116,05/18/2025,PENDING,14920000.0
O01479,C0105,01/11/2026,completed,15645000.0
O01480,C0079,06/03/2025,Cancelled,8364000.0
O01481,C0088,01/19/2026,processing,19492000.0
O01482,C0056,2025-03-28,Processing,1682000.0
O01483,C0213,04/22/2025,Processing,7172000.0
O01484,C0137,17/06/2026,complete,26611000.0
O01485,C0425,01/09/2026,processing,22923000.0
O01486,C0089,01/04/2026,complete,415000.0
O01487,C0475,21/01/2025,CANCELLED,13583000.0
O01488,C0396,07/03/2026,Pending,13121000.0
O01489,C0408,05/10/2025,In Progress,29110000.0
O01490,C9968,26/04/2025,Canceled,34724000.0
O01491,C0028,2026-06-15,Processing,11255000.0
O01492,C0465,2025-02-21,PENDING,9963000.0
O01493,C0283,27/03/2025,pending,26397000.0
O01494,C0171,2026-07-17,processing,19768000.0
O01495,C0252,07/30/2025,In Progress,13947000.0
O01496,C0046,2026-06-15,CANCELLED,15181000.0
O01497,C0370,14/07/2026,complete,21391000.0
O01498,C0349,2025-10-10,Pending,11119000.0
O01499,C0400,01/28/2025,Pending,34430000.0
O01500,C0043,2025-11-27,PENDING,4008000.0
O00548,C0292,09/05/2025,In Progress,12481000.0
O00985,C0402,04/04/2026,Pending,48685000.0
O00713,C0218,04/06/2025,completed,13230000.0
O00639,C0097,07/24/2025,pending,28806000.0
O00472,C0348,10/20/2025,Processing,19724000.0
