customer_id,name,email,phone,gender,birth_date,province,registration_date
C0001,Trần An,trần.an239@example.com,0982 276 804,Male,09/03/1962,HCMC,2024-04-05
C0002,Đỗ Quân,đỗ.quân105@example.com,0914287142,Nam,1979-04-26,Danang,2026-02-20
C0003,Vũ Mai,vũ.mai722@example.com,0907593586,Male,06/11/1992,HCMC,2025-08-14
C0004,Hoàng Chi,hoàng.chi176@example.com,0918 348 136,F,1966-05-28,Bắc Ninh,2025-09-15
C0005,Đặng Mai,đặng.mai217@example.com,0986 237 088,female,1995-12-28,HN,2024-10-01
C0006,Đặng Trang,đặng.trang506@example.com,0912252583,Male,1979-09-04,Can Tho,2024-05-21
C0007,Lê Quân,lê.quân769@example.com,+84970395980,female,1970-04-11,Cần Thơ,2025-11-29
C0008,Đặng Hùng,đặng.hùng520@example.com,0960 779 751,F,1986-10-10,Bắc Ninh,2026-05-11
C0009,Lê An,lê.an498@example.com,0973098830,M,1967-01-24,BN,2024-03-28
C0010,Bùi Hùng,N/A,+84935699767,Nữ,1995-10-18,Bac Ninh,2025-11-18
C0011,Phạm Chi,phạm.chi73@example.com,0930 550 700,F,26/10/1962,DN,2026-05-30
C0012,Phạm Hà,phạm.hà421@example.com,+84989547810,Male,09/02/1998,HP,2024-12-28
C0013,Trần Bình,trần.bình946@example.com,0967811511,Nữ,07/03/2001,Quang Ninh,2024-09-12
C0014,Nguyễn An,nguyễn.an272@example.com,+84909814240,male,31/12/1993,HP,2024-01-03
C0015,Đỗ Tuấn,đỗ.tuấn544@example.com,0911207030,Male,10/10/2002,Quang Ninh,2025-05-29
C0016,Lê Chi,lê.chi598@example.com,0970 849 550,female,10/05/1967,Bac Ninh,2025-03-05
C0017,Vũ Linh,vũ.linh219@example.com,0933 623 704,male,1968-12-20,Cần Thơ,2024-03-16
C0018,Trần Linh,trần.linh962@example.com,0932453985,male,1986-11-10,Hanoi,2025-11-10
C0019,Đỗ Hà,đỗ.hà434@example.com,+84932236852,Male,1964-07-22,Bắc Ninh,2024-04-04
C0020,Lê Mai,lê.mai597@example.com,0917 540 089,M,26/03/1963,Đà Nẵng,2026-05-04
C0021,Nguyễn Minh,nguyễn.minh159@example.com,0938788221,M,1996-06-16,Bắc Ninh,2025-09-27
C0022,Nguyễn Hùng,nguyễn.hùng40@example.com,+84989746721,F,1969-09-12,Quảng Ninh,2025-01-26
C0023,Vũ Minh,vũ.minh550@example.com,+84912632073,Male,1995-11-09,Quảng Ninh,2025-11-26
C0024,Lê Mai,lê.mai726@example.com,+84901473653,Male,01/19/1977,hanoi,2024-09-17
C0025,Phạm Nga,phạm.nga335@example.com,+84960633873,male,09/30/1987,Hai Phong,2025-11-13
C0026,Phạm Quân,phạm.quân805@example.com,0989 696 350,female,27/09/1985,Hải Phòng,2024-08-03
C0027,Bùi Lan,bùi.lan975@example.com,0974971056,male,1990-01-26,Quang Ninh,2024-04-05
C0028,Lê An,@mail.com,0902480461,Male,1994-06-13,Hải Phòng,2025-05-21
C0029,Phạm Hùng,phạm.hùng628@example.com,0985 028 486,Nam,06/19/1988,Hải Phòng,2026-02-12
C0030,Lê Tuấn,lê.tuấn241@example.com,+84962267562,female,13/12/1966,Da Nang,2025-12-31
C0031,Lê Hà,-,0913 124 340,Male,09/10/1997,Quảng Ninh,2025-02-02
C0032,Bùi An,bùi.an280@example.com,+84932388577,Nữ,1979-10-14,Ho Chi Minh,2025-05-14
C0033,Vũ Phương,vũ.phương439@example.com,0981416035,Nữ,1962-06-07,Bac Ninh,2024-03-26
C0034,Hoàng Phương,hoàng.phương768@example.com,0932 373 782,Male,07/05/1967,Ha Noi,2025-04-26
C0035,Trần Bình,trần.bình263@example.com,+84909101165,M,07/22/1979,BN,2025-04-21
C0036,Trần Hùng,trần.hùng851@example.com,0931 036 937,F,1966-10-26,BN,2025-08-29
C0037,Hoàng Dũng,hoàng.dũng984@example.com,+84977343538,Nữ,12/23/2003,Hai Phong,2024-04-18
C0038,Đặng Hùng,đặng.hùng252@example.com,0985669748,male,29/01/1984,Quang Ninh,2024-11-26
C0039,Bùi Phương,bùi.phương530@example.com,0930812738,Female,1984-10-13,HN,2025-07-23
C0040,Bùi Linh,bùi.linh544@example.com,+84984740242,Nam,02/08/1993,CT,2025-04-29
C0041,Vũ Nga,vũ.nga757@example.com,+84984327379,male,08/10/1976,hcm,2024-07-15
C0042,Đỗ Minh,đỗ.minh715@example.com,0908233710,Nữ,1964-11-21,Da Nang,2025-07-20
C0043,Hoàng Tuấn,hoàng.tuấn703@example.com,0964109484,M,1966-08-24,BN,2025-08-13
C0044,Hoàng Chi,hoàng.chi603@example.com,+84911767254,male,09/20/1999,QN,2024-10-31
C0045,Nguyễn Dũng,nguyễn.dũng238@example.com,+84916202514,male,02/27/2002,HN,2024-10-25
C0046,Trần Linh,trần.linh74@example.com,0937669456,M,31/10/1983,hcm,2026-04-26
C0047,Hoàng Trang,hoàng.trang619@example.com,+84904342545,Male,1998-10-04,Đà Nẵng,2026-01-22
C0048,Nguyễn Mai,nguyễn.mai357@example.com,+84970746915,female,11/02/2004,HP,2024-04-03
C0049,Trần Hùng,trần.hùng994@example.com,+84934464700,Male,08/23/1982,hanoi,2024-11-27
C0050,Bùi Quân,bùi.quân497@example.com,0901376725,Male,11/03/1985,BN,2025-03-24
C0051,Phạm Hùng,phạm.hùng299@example.com,0935 509 941,male,24/10/1973,Bắc Ninh,2025-05-25
C0052,Bùi Linh,bùi.linh520@example.com,+84965395882,Male,23/03/1997,QN,2024-12-14
C0053,Hoàng Tuấn,hoàng.tuấn240@example.com,+84914437398,Male,04/06/1981,HP,2025-08-08
C0054,Bùi Phương,bùi.phương896@example.com,+84969761919,Female,10/13/1989,HN,2026-06-09
C0055,Nguyễn Hà,nguyễn.hà873@example.com,0968 907 263,Nam,16/03/1967,DN,2026-05-22
C0056,Đỗ Bình,đỗ.bình711@example.com,+84970699740,Male,1969-01-06,TP.HCM,2025-03-30
C0057,Nguyễn Minh,nguyễn.minh247@example.com,+84933155710,M,1994-04-27,Bắc Ninh,2025-09-26
C0058,Hoàng Trang,hoàng.trang707@example.com,+84936842509,Nữ,02/11/1986,Hai Phong,2025-10-16
C0059,Đặng Tuấn,đặng.tuấn886@example.com,0902 559 296,Male,08/16/1984,CT,2024-01-09
C0060,Bùi Minh,bùi.minh926@example.com,0916 366 676,Male,08/04/1972,HN,2025-10-05
C0061,Nguyễn Nga,nguyễn.nga936@example.com,+84981934278,M,27/10/1992,Cần Thơ,2025-06-27
C0062,Hoàng Nam,hoàng.nam405@example.com,0904072663,male,10/24/1992,Quang Ninh,2024-04-02
C0063,Bùi Nga,bùi.nga664@example.com,0987236364,Nữ,06/05/1989,TP.HCM,2025-09-16
C0064,Đặng Dũng,đặng.dũng714@example.com,0910 091 253,Nam,04/14/1993,BN,2025-11-17
C0065,Lê Quân,lê.quân102@example.com,0980 449 034,female,03/07/1981,Danang,2026-05-25
C0066,Nguyễn Phương,nguyễn.phương342@example.com,0931184665,M,11/30/1961,Quang Ninh,2024-02-21
C0067,Trần Lan,trần.lan257@example.com,0972831908,Female,12/24/1972,,2024-05-13
C0068,Lê An,lê.an797@example.com,+84937231075,Female,13/09/1965,-,2025-05-02
C0069,Phạm Bình,,+84987854904,Nữ,1996-01-12,Bac Ninh,2025-03-12
C0070,Vũ Hà,vũ.hà719@example.com,0901657352,F,05/08/1998,Quảng Ninh,2024-04-11
C0071,Phạm Quân,phạm.quân852@example.com,0938373329,Female,19/07/2002,Hanoi,2024-03-09
C0072,Vũ Hà,vũ.hà53@example.com,+84970956489,male,10/12/1997,Bac Ninh,2026-06-07
C0073,Đỗ Lan,đỗ.lan998@example.com,0916 218 375,Male,07/01/1998,CT,2026-05-15
C0074,Hoàng An,,0912793116,Female,03/30/1966,BN,2024-05-25
C0075,Phạm Phương,phạm.phương633@example.com,0964133958,Female,16/12/1973,Quảng Ninh,2024-06-10
C0076,Đặng Tuấn,đặng.tuấn316@example.com,0974271426,F,28/08/2003,BN,2025-06-23
C0077,Nguyễn An,nguyễn.an546@example.com,0913 212 307,F,10/06/1975,HP,2024-05-12
C0078,Vũ Chi,vũ.chi415@example.com,0968009855,female,1997-06-21,hanoi,2024-10-23
C0079,Bùi Nga,bùi.nga173@example.com,0904144087,Female,11/17/1979,QN,2024-12-07
C0080,Phạm Nga,phạm.nga644@example.com,+84937882116,Nữ,10/05/1966,QN,2024-06-30
C0081,Bùi Nam,bùi.nam463@example.com,0983446753,Male,28/08/1966,Hải Phòng,2024-11-13
C0082,Trần Chi,trần.chi488@example.com,0975 359 709,M,1976-11-20,Cần Thơ,2024-11-25
C0083,Trần Nam,trần.nam397@example.com,+84980607956,female,08/24/1992,Da Nang,2025-01-16
C0084,Vũ Chi,vũ.chi680@example.com,0930627698,female,27/11/1989,CT,2024-03-24
C0085,Đặng Hà,,0977 056 317,female,1968-05-20,Bắc Ninh,2025-10-23
C0086,Hoàng Hùng,hoàng.hùng898@example.com,0913 719 127,M,05/21/1963,DN,2025-11-08
C0087,Lê Hùng,lê.hùng292@example.com,0918 781 446,Nữ,1981-04-23,CT,2025-03-30
C0088,Phạm Minh,phạm.minh205@example.com,0969 165 477,M,23/07/1997,Quang Ninh,2024-06-14
C0089,Bùi Nga,bùi.nga94@example.com,0979751014,Nữ,21/03/1973,Hai Phong,2026-04-30
C0090,Đặng Bình,đặng.bình141@example.com,0965293098,male,29/01/1990,HCMC,2026-03-21
C0091,Bùi Trang,bùi.trang244@example.com,+84970028575,Female,1969-12-22,Đà Nẵng,2026-03-05
C0092,Đặng Trang,đặng.trang362@example.com,0901950521,Nam,1998-07-05,CT,2024-01-02
C0093,Trần Nga,trần.nga766@example.com,0909575080,female,1994-09-16,Danang,2025-01-17
C0094,Phạm Dũng,phạm.dũng647@example.com,0977305817,M,2001-09-06,HP,2025-12-13
C0095,Bùi Bình,bùi.bình772@example.com,0932 783 338,F,21/06/2002,Hà Nội,2024-09-16
C0096,Nguyễn Nam,nguyễn.nam377@example.com,0931 387 839,male,2004-07-07,HP,2025-12-09
C0097,Đặng Chi,đặng.chi455@example.com,+84966853063,Nữ,1998-03-24,BN,2024-06-19
C0098,Vũ Quân,vũ.quân870@example.com,0936 706 457,Nữ,1974-05-09,HCMC,2024-02-01
C0099,Trần Linh,trần.linh543@example.com,+84983356693,Nam,24/11/1966,TP.HCM,2025-08-10
C0100,Phạm Dũng,phạm.dũng205@example.com,0907435224,M,1985-08-14,Hải Phòng,2025-12-11
C0101,Lê Trang,lê.trang729@example.com,0908 996 752,M,28/11/1986,hcm,2026-05-21
C0102,Phạm Dũng,phạm.dũng68@example.com,+84917243549,Nam,08/23/1971,HN,2025-09-18
C0103,Đỗ Quân,đỗ.quân444@example.com,0968 096 463,Male,1976-04-28,hcm,2026-02-25
C0104,Lê Minh,lê.minh282@example.com,0911929520,male,08/11/1977,CT,2025-10-12
C0105,Trần Hùng,unknown,0979 167 685,male,07/18/1962,Ha Noi,2024-03-24
C0106,Đặng An,đặng.an62@example.com,0968563284,Nữ,08/09/2000,Bắc Ninh,2024-03-15
C0107,Bùi Lan,bùi.lan109@example.com,+84936377891,F,29/03/1993,Can Tho,2025-06-11
C0108,Hoàng Trang,hoàng.trang321@example.com,0911098499,M,17/05/1989,BN,2025-08-14
C0109,Bùi Tuấn,bùi.tuấn904@example.com,0934 034 250,Nữ,29/03/1985,CT,2025-05-21
C0110,Nguyễn Dũng,nguyễn.dũng76@example.com,+84961234005,Nữ,07/10/1992,Danang,2025-07-20
C0111,Trần Hà,trần.hà40@example.com,0903739715,female,11/11/2004,hanoi,2024-02-11
C0112,Bùi Hà,bùi.hà522@example.com,0978 193 368,Nữ,03/06/1990,QN,2025-06-03
C0113,Hoàng Tuấn,hoàng.tuấn272@example.com,0903 695 776,F,05/23/1962,Hai Phong,2025-09-03
C0114,Bùi Hùng,bùi.hùng452@example.com,+84976681609,Nam,1969-11-10,HN,2024-07-14
C0115,Phạm Quân,phạm.quân539@example.com,+84977987012,female,1989-02-28,Hải Phòng,2025-11-09
C0116,Đỗ Nam,abc@,0973776661,male,11/02/1982,CT,2024-10-12
C0117,Phạm Tuấn,phạm.tuấn978@example.com,0934597255,male,1995-05-25,Danang,2026-04-18
C0118,Trần Nga,trần.nga601@example.com,0966728252,F,1969-10-19,BN,2025-09-22
C0119,Đỗ Linh,đỗ.linh958@example.com,+84982134619,Nữ,03/03/1974,Bac Ninh,2025-02-20
C0120,Hoàng Nam,hoàng.nam181@example.com,0936905579,Nam,15/09/1975,Quang Ninh,2025-03-03
C0121,Hoàng Bình,hoàng.bình480@example.com,+84902693465,F,1972-01-15,Cần Thơ,2026-05-21
C0122,Lê Trang,lê.trang528@example.com,+84982177571,Female,18/05/1996,HP,2026-04-26
C0123,Trần Hùng,trần.hùng369@example.com,0914 903 423,F,1961-01-09,BN,2024-09-24
C0124,Trần Trang,trần.trang227@example.com,0931698766,M,20/06/1986,N/A,2025-01-11
C0125,Bùi Nga,,0967 978 876,female,1967-05-06,HP,2025-06-22
C0126,Trần Bình,trần.bình457@example.com,0979251846,Nữ,2003-11-08,CT,2024-04-03
C0127,Đặng Trang,đặng.trang353@example.com,0970 487 387,Female,07/21/1966,Hai Phong,2024-02-16
C0128,Trần Tuấn,trần.tuấn940@example.com,+84902116793,Nam,1994-04-25,QN,2025-04-04
C0129,Đỗ Hà,đỗ.hà690@example.com,0988 193 198,Nam,01/14/1962,Hải Phòng,2024-11-01
C0130,Phạm Linh,phạm.linh69@example.com,0963297184,Male,27/05/1961,hcm,2024-09-03
C0131,Nguyễn Linh,nguyễn.linh590@example.com,+84980457719,female,1981-01-03,Bắc Ninh,2026-04-15
C0132,Lê Linh,lê.linh965@example.com,0963 098 964,Nam,06/18/2004,Danang,2024-02-18
C0133,Đặng Quân,đặng.quân423@example.com,+84912152281,M,16/07/2001,Can Tho,2024-02-29
C0134,Hoàng Lan,hoàng.lan193@example.com,0936 980 712,F,19/07/1963,Ha Noi,2026-06-13
C0135,Vũ Minh,vũ.minh566@example.com,+84902177796,male,07/05/1978,Ho Chi Minh,2025-02-10
C0136,Đỗ Nga,đỗ.nga424@example.com,0932540948,F,03/23/1978,Đà Nẵng,2025-01-14
C0137,Nguyễn Mai,nguyễn.mai967@example.com,0979 541 338,female,17/10/2004,Bắc Ninh,2025-07-17
C0138,Bùi Trang,bùi.trang860@example.com,0917315189,Male,1965-04-08,HN,2025-06-20
C0139,Lê Linh,lê.linh17@example.com,0907053666,Nam,2003-05-08,Hai Phong,2025-11-06
C0140,Đỗ Mai,đỗ.mai247@example.com,0979086891,male,22/08/1968,TP.HCM,2025-06-20
C0141,Đặng Chi,đặng.chi389@example.com,+84939426280,Nữ,1962-11-04,HP,2024-04-05
C0142,Nguyễn Hùng,nguyễn.hùng923@example.com,0904 475 805,Nữ,26/10/1963,Ho Chi Minh City,2024-08-23
C0143,Trần Mai,trần.mai167@example.com,0975 093 957,F,09/25/1995,DN,2024-03-19
C0144,Đỗ Nam,đỗ.nam78@example.com,+84967197590,Nam,19/03/1999,Quang Ninh,2024-08-25
C0145,Hoàng Trang,hoàng.trang731@example.com,0962531537,Female,01/07/1986,HCMC,2026-03-28
C0146,Đặng Hà,đặng.hà460@example.com,0983 309 471,Nam,1967-10-31,Hai Phong,2024-07-10
C0147,Trần Nga,trần.nga174@example.com,0970 533 230,Nam,1981-10-11,Can Tho,2025-08-08
C0148,Hoàng Minh,hoàng.minh508@example.com,0934 044 402,F,14/02/1982,Bac Ninh,2026-01-08
C0149,Lê Minh,lê.minh618@example.com,0909 368 338,F,18/03/1972,Danang,2024-11-03
C0150,Lê Phương,lê.phương955@example.com,0932 645 238,F,04/02/1995,hanoi,2025-01-08
C0151,Lê An,lê.an143@example.com,0984 742 687,male,1996-09-14,Hải Phòng,2025-11-20
C0152,Lê Quân,lê.quân719@example.com,0960 944 596,Female,1963-04-19,Đà Nẵng,2026-03-20
C0153,Vũ Hùng,vũ.hùng265@example.com,0986566937,F,03/07/1969,Hà Nội,2024-01-11
C0154,Đặng Trang,đặng.trang146@example.com,+84985530149,male,31/05/1970,Bắc Ninh,2026-05-01
C0155,Phạm Tuấn,phạm.tuấn694@example.com,0934463381,F,10/11/1990,Ha Noi,2025-10-25
C0156,Đỗ Hùng,unknown,0935924164,Nữ,08/14/1962,Cần Thơ,2026-01-25
C0157,Đặng An,đặng.an469@example.com,0982277575,male,10/25/1992,Ho Chi Minh,2024-11-29
C0158,Đỗ Nam,đỗ.nam87@example.com,0973 313 416,M,07/09/1986,Can Tho,2025-09-21
C0159,Phạm Minh,phạm.minh502@example.com,+84901654131,M,1975-07-17,TP.HCM,2025-07-22
C0160,Bùi Bình,bùi.bình861@example.com,+84939413564,Nữ,2004-02-11,Bac Ninh,2025-03-01
C0161,Nguyễn Linh,nguyễn.linh275@example.com,0930 227 574,female,02/26/1970,Hanoi,2025-08-09
C0162,Bùi Lan,bùi.lan121@example.com,0961872943,F,10/21/1967,QN,2025-03-25
C0163,Vũ Quân,vũ.quân300@example.com,+84916788555,male,02/08/1975,BN,2024-11-27
C0164,Trần Hà,trần.hà693@example.com,+84969981827,Nữ,1982-03-17,QN,2026-02-18
C0165,Hoàng Quân,hoàng.quân336@example.com,0964 680 529,Male,02/09/1993,Hai Phong,2025-04-10
C0166,Bùi Nga,bùi.nga497@example.com,+84907398432,Male,1971-09-19,Quang Ninh,2025-08-02
C0167,Bùi An,bùi.an956@example.com,+84909149499,Female,01/30/1987,Quảng Ninh,2024-06-11
C0168,Hoàng Chi,hoàng.chi2@example.com,0936606774,Nữ,1968-03-07,Ha Noi,2025-12-21
C0169,Phạm Trang,phạm.trang105@example.com,0900318642,female,06/01/1968,Quảng Ninh,2026-01-18
C0170,Lê Phương,lê.phương156@example.com,+84916605613,Nữ,1979-02-11,Bac Ninh,2025-10-05
C0171,Trần Hà,trần.hà28@example.com,0905 393 120,male,1985-07-24,BN,2026-03-08
C0172,Đỗ Lan,đỗ.lan370@example.com,+84983677232,M,15/05/1966,hanoi,2025-06-24
C0173,Đặng Nga,đặng.nga408@example.com,0976 797 002,male,07/29/1963,QN,2024-03-02
C0174,Đỗ Quân,đỗ.quân550@example.com,+84967056235,Nam,03/25/1978,Ho Chi Minh City,2026-04-07
C0175,Hoàng Quân,hoàng.quân725@example.com,0989229160,Male,1975-10-04,HN,2024-05-02
C0176,Vũ Mai,vũ.mai66@example.com,+84913787183,Female,08/07/1998,Cần Thơ,2024-10-05
C0177,Đỗ Nga,đỗ.nga3@example.com,0904532157,Male,1980-06-28,Can Tho,2026-01-28
C0178,Bùi Nga,bùi.nga427@example.com,0969 190 876,female,21/02/1980,Ho Chi Minh City,2024-11-25
C0179,Vũ Dũng,vũ.dũng319@example.com,+84976025048,Female,04/29/1985,Quảng Ninh,2026-03-03
C0180,Nguyễn Nga,nguyễn.nga779@example.com,0912772399,M,1977-07-13,-,2026-01-20
C0181,Nguyễn Linh,nguyễn.linh543@example.com,0973889068,Nam,03/08/1987,Ho Chi Minh City,2024-04-16
C0182,Lê Mai,lê.mai653@example.com,+84900284847,Female,07/28/1968,hcm,2025-06-01
C0183,Nguyễn Quân,nguyễn.quân240@example.com,0989223877,F,1988-07-14,Da Nang,2025-04-08
C0184,Lê Dũng,lê.dũng827@example.com,0914 313 744,male,10/04/1970,hcm,2024-04-02
C0185,Nguyễn Lan,nguyễn.lan876@example.com,+84931793028,F,1975-08-07,Hải Phòng,2024-02-01
C0186,Trần Hà,trần.hà266@example.com,0900891836,Male,1967-07-16,Can Tho,2025-08-19
C0187,Bùi Hà,bùi.hà392@example.com,0909 830 415,Nam,1995-06-09,Hà Nội,2025-05-23
C0188,Phạm Hùng,phạm.hùng287@example.com,+84932806224,M,22/12/2002,Ha Noi,2024-03-03
C0189,Đỗ Linh,đỗ.linh330@example.com,+84989503747,male,1990-11-12,Can Tho,2025-08-02
C0190,Vũ Linh,vũ.linh673@example.com,0908709579,male,04/27/1974,Ho Chi Minh City,2024-04-12
C0191,Phạm Phương,phạm.phương361@example.com,0939 912 373,M,07/13/1962,Bac Ninh,2025-12-21
C0192,Bùi Minh,bùi.minh349@example.com,0914 022 509,M,27/01/1978,Ho Chi Minh City,2026-04-05
C0193,Nguyễn Hà,nguyễn.hà345@example.com,+84977115307,female,1995-06-28,Ha Noi,2025-08-23
C0194,Đặng Tuấn,đặng.tuấn752@example.com,0983 758 636,male,1975-09-24,Đà Nẵng,2025-01-22
C0195,Nguyễn Phương,unknown,0970699259,female,13/08/1972,,2024-12-05
C0196,Trần Nam,trần.nam993@example.com,0960263770,Nam,25/04/1999,Hải Phòng,2026-01-20
C0197,Vũ Phương,vũ.phương327@example.com,+84908757247,Female,1962-12-30,Hà Nội,2024-10-28
C0198,Lê Phương,lê.phương169@example.com,0917 580 564,Nam,1962-10-12,Bac Ninh,2025-03-17
C0199,Trần Nam,trần.nam586@example.com,0919 459 562,Nữ,1968-08-08,Hai Phong,2024-02-20
C0200,Vũ An,vũ.an119@example.com,+84960864026,Nam,08/05/1967,Quảng Ninh,2025-04-29
C0201,Hoàng Chi,hoàng.chi578@example.com,0985183424,M,04/18/1980,Da Nang,2026-05-07
C0202,Trần Nga,trần.nga488@example.com,+84974720359,Female,07/08/2002,Ho Chi Minh City,2025-08-09
C0203,Đỗ Hà,đỗ.hà207@example.com,0909 491 210,M,01/11/1967,Hải Phòng,2025-11-30
C0204,Vũ Chi,vũ.chi154@example.com,0903332487,Female,1997-08-23,HP,2024-04-25
C0205,Trần Minh,trần.minh624@example.com,0978 826 541,Nam,1996-02-25,Cần Thơ,2024-05-27
C0206,Vũ Linh,vũ.linh702@example.com,0907980832,F,2004-02-08,Bắc Ninh,2026-05-28
C0207,Bùi Nam,bùi.nam528@example.com,0937604944,Female,18/07/1993,hanoi,2026-04-20
C0208,Đặng Hà,đặng.hà281@example.com,+84978018824,Nữ,04/30/1992,Ho Chi Minh,2025-12-22
C0209,Trần An,trần.an706@example.com,0913518531,male,1983-03-16,Quảng Ninh,2026-02-05
C0210,Nguyễn Hùng,nguyễn.hùng663@example.com,0977222265,Male,1960-10-18,TP.HCM,2025-04-30
C0211,Hoàng Mai,hoàng.mai679@example.com,+84968842356,male,06/03/1969,CT,2024-01-08
C0212,Trần Tuấn,trần.tuấn784@example.com,0903232696,Male,11/24/1976,Cần Thơ,2024-06-02
C0213,Vũ Hà,vũ.hà731@example.com,0980429475,Nữ,2030-01-01,Bắc Ninh,2024-12-17
C0214,Đỗ Minh,đỗ.minh671@example.com,0918810128,F,03/06/1976,Đà Nẵng,2025-11-27
C0215,Hoàng Quân,hoàng.quân513@example.com,0933541065,Nam,05/22/1966,TP.HCM,2025-04-28
C0216,Đặng Bình,đặng.bình500@example.com,+84911245943,M,06/03/1976,Hanoi,2026-03-08
C0217,Nguyễn Trang,nguyễn.trang414@example.com,+84932751771,Nữ,28/11/1998,Hai Phong,2025-10-10
C0218,Nguyễn Lan,nguyễn.lan899@example.com,+84983038166,male,1982-04-28,Bac Ninh,2024-08-19
C0219,Đặng Minh,đặng.minh368@example.com,0910094554,M,02/01/1972,Hai Phong,2024-12-16
C0220,Phạm Linh,phạm.linh262@example.com,0989 205 177,Male,08/29/1993,Bac Ninh,2026-06-16
C0221,Trần An,trần.an678@example.com,0906435416,male,10/31/1960,HP,2024-11-04
C0222,Lê Quân,lê.quân420@example.com,+84905627467,M,1978-02-03,BN,2025-01-01
C0223,Bùi Lan,bùi.lan524@example.com,0989306986,Female,19/05/1973,QN,2024-04-02
C0224,Phạm Trang,phạm.trang98@example.com,0932088836,Male,1998-03-21,Ha Noi,2026-01-26
C0225,Vũ Nga,vũ.nga395@example.com,0969 273 314,Nữ,15/12/2000,QN,2024-10-05
C0226,Lê Dũng,lê.dũng389@example.com,+84916091458,Male,04/23/1999,CT,2024-07-04
C0227,Lê Tuấn,lê.tuấn347@example.com,0961 402 376,Female,04/02/1980,QN,2025-11-16
C0228,Phạm Tuấn,phạm.tuấn481@example.com,+84936618860,M,1974-01-29,Quảng Ninh,2025-06-01
C0229,Vũ Linh,vũ.linh511@example.com,+84939026424,female,2000-03-14,Quảng Ninh,2024-03-31
C0230,Nguyễn Dũng,nguyễn.dũng468@example.com,+84964500663,female,1978-07-23,Bac Ninh,2025-11-01
C0231,Bùi Nam,bùi.nam850@example.com,0977 573 406,male,03/12/1960,Danang,2024-12-15
C0232,Trần Bình,trần.bình845@example.com,0914874211,female,1995-04-01,Hải Phòng,2024-08-08
C0233,Nguyễn Dũng,nguyễn.dũng495@example.com,0964 559 075,M,10/30/1998,CT,2026-05-08
C0234,Lê Hà,lê.hà987@example.com,+84903685399,male,09/04/1982,Hai Phong,2024-10-07
C0235,Lê Quân,lê.quân640@example.com,0977 727 879,male,07/01/1979,TP.HCM,2024-07-24
C0236,Lê Hùng,lê.hùng916@example.com,0975 677 559,male,14/06/1997,Bac Ninh,2025-11-21
C0237,Đỗ Dũng,đỗ.dũng708@example.com,+84903002796,F,02/19/1973,Hanoi,2026-05-09
C0238,Vũ Trang,vũ.trang49@example.com,+84906652635,Nam,21/10/1985,,2025-12-10
C0239,Vũ Bình,vũ.bình560@example.com,0907 288 426,F,12/28/1992,Can Tho,2026-02-12
C0240,Hoàng Trang,hoàng.trang599@example.com,+84919097102,Male,15/09/1983,Ho Chi Minh,2024-05-13
C0241,Lê Bình,lê.bình725@example.com,+84919576837,F,1992-02-15,QN,2024-03-15
C0242,Trần Hùng,trần.hùng771@example.com,0965 438 632,Male,2002-08-08,QN,2025-07-28
C0243,Vũ Trang,vũ.trang554@example.com,0919 669 639,male,1970-03-04,Danang,2025-01-30
C0244,Đỗ Trang,đỗ.trang216@example.com,0960 815 919,F,08/28/1960,HN,2025-10-03
C0245,Trần Lan,trần.lan340@example.com,0978874806,Female,1962-02-17,Bac Ninh,2025-04-15
C0246,Lê Mai,lê.mai548@example.com,0970894443,Female,12/11/1994,hanoi,2025-11-20
C0247,Nguyễn Chi,nguyễn.chi32@example.com,+84939173074,M,06/13/1995,Bac Ninh,2026-04-21
C0248,Lê Phương,lê.phương569@example.com,0972628986,Female,1960-12-31,Quang Ninh,2025-07-20
C0249,Đặng Chi,đặng.chi855@example.com,+84932772981,F,1976-07-04,Can Tho,2024-08-14
C0250,Nguyễn Trang,nguyễn.trang241@example.com,0985200743,male,07/03/1971,Bac Ninh,2025-11-18
C0251,Phạm Nam,phạm.nam321@example.com,0964635533,F,06/04/1998,HN,2024-06-21
C0252,Hoàng Nga,hoàng.nga880@example.com,0916344741,F,10/05/1967,Da Nang,2026-05-11
C0253,Trần An,trần.an153@example.com,+84976857202,Nam,2002-05-09,QN,2025-10-31
C0254,Hoàng Hà,hoàng.hà144@example.com,+84965030299,M,1974-11-17,CT,2026-02-14
C0255,Lê Tuấn,lê.tuấn940@example.com,+84930722265,Male,1992-05-29,HP,2025-02-01
C0256,Vũ Dũng,vũ.dũng670@example.com,0989627553,male,16/12/1993,Can Tho,2025-01-09
C0257,Đỗ Phương,đỗ.phương659@example.com,+84938378084,F,1980-08-19,Can Tho,2024-03-19
C0258,Lê Nga,lê.nga663@example.com,+84977128744,Male,1978-11-26,Ho Chi Minh City,2025-08-27
C0259,Lê Hùng,lê.hùng746@example.com,0916 050 219,male,1961-09-02,Bac Ninh,2026-06-18
C0260,Bùi Tuấn,bùi.tuấn703@example.com,+84961867816,Nữ,09/24/1983,BN,2024-06-20
C0261,Trần Linh,trần.linh924@example.com,0963 128 541,Male,08/21/1968,HP,2024-06-30
C0262,Trần Chi,trần.chi45@example.com,0966 950 964,Nam,1997-09-27,Quảng Ninh,2025-01-14
C0263,Đặng Nga,đặng.nga898@example.com,0978 985 427,Nam,09/07/1967,Can Tho,2024-10-17
C0264,Nguyễn An,nguyễn.an260@example.com,+84975532841,Nam,03/23/1998,Cần Thơ,2025-10-29
C0265,Hoàng Phương,hoàng.phương408@example.com,0914 743 523,M,11/22/1990,Bac Ninh,2026-03-03
C0266,Phạm Trang,phạm.trang988@example.com,0989 157 866,Male,1964-09-01,Hai Phong,2024-06-13
C0267,Bùi Quân,bùi.quân59@example.com,0900200396,Nữ,13/09/1985,Can Tho,2025-12-29
C0268,Phạm Minh,user.com,+84910552102,female,01/10/1960,HN,2024-06-10
C0269,Đặng Lan,đặng.lan232@example.com,0970 795 755,F,05/03/1991,DN,2026-04-15
C0270,Nguyễn Mai,nguyễn.mai990@example.com,+84914102989,Nữ,1982-06-10,Hải Phòng,2025-12-11
C0271,Bùi Trang,bùi.trang529@example.com,0978 423 727,Male,04/28/1988,Danang,2025-02-26
C0272,Phạm Minh,phạm.minh700@example.com,0903735132,Nữ,02/21/1984,Bac Ninh,2024-07-06
C0273,Phạm Linh,phạm.linh783@example.com,0932 226 119,Male,13/03/2004,Hà Nội,2025-09-20
C0274,Vũ Tuấn,vũ.tuấn434@example.com,+84978499225,Male,11/09/1964,Quảng Ninh,2025-06-22
C0275,Đặng Hùng,đặng.hùng883@example.com,+84969646025,M,03/12/1989,Cần Thơ,2025-01-05
C0276,Phạm Mai,phạm.mai185@example.com,0969 314 473,M,12/09/1995,HP,2024-10-13
C0277,Phạm Dũng,phạm.dũng512@example.com,0982243191,female,15/11/1960,Hải Phòng,2024-06-29
C0278,Hoàng Bình,hoàng.bình574@example.com,0960 122 807,male,22/04/1983,Da Nang,2025-01-04
C0279,Đặng Dũng,đặng.dũng523@example.com,+84938915617,Nữ,1991-11-10,Bắc Ninh,2024-11-28
C0280,Hoàng Trang,hoàng.trang352@example.com,0989869464,female,26/05/1966,TP.HCM,2024-03-22
C0281,Hoàng Phương,hoàng.phương241@example.com,0938 797 541,male,01/26/1962,BN,2024-05-08
C0282,Trần Lan,trần.lan633@example.com,0913094075,Female,06/20/1967,DN,2024-04-16
C0283,Hoàng Linh,hoàng.linh479@example.com,0917 415 103,male,03/05/1989,Hải Phòng,2026-06-03
C0284,Lê Hùng,lê.hùng233@example.com,0975665563,Nữ,23/02/1991,Cần Thơ,2025-05-08
C0285,Đặng Mai,đặng.mai307@example.com,0913088340,Nam,18/02/2004,HP,2026-02-12
C0286,Phạm An,phạm.an82@example.com,+84973453173,F,12/11/1993,Danang,2024-08-13
C0287,Hoàng Mai,hoàng.mai20@example.com,0961011447,Male,02/20/2004,Da Nang,2024-07-11
C0288,Lê Dũng,lê.dũng511@example.com,+84932772143,Nữ,12/14/1987,Quang Ninh,2026-03-15
C0289,Vũ Chi,vũ.chi732@example.com,0910704188,Nam,17/02/1961,Quang Ninh,2024-05-04
C0290,Nguyễn Lan,nguyễn.lan44@example.com,0967 062 399,Female,25/03/1974,Bắc Ninh,2025-10-06
C0291,Hoàng Lan,hoàng.lan406@example.com,0938821631,Male,1984-10-08,hanoi,2025-08-21
C0292,Bùi Hà,bùi.hà661@example.com,0937246397,Female,1965-05-21,DN,2024-03-02
C0293,Phạm Nam,phạm.nam497@example.com,0977 784 163,Nữ,02/01/1972,Hà Nội,2024-09-13
C0294,Đỗ Tuấn,đỗ.tuấn159@example.com,+84915534858,male,21/05/1974,CT,2024-03-11
C0295,Vũ Trang,vũ.trang675@example.com,0907 578 636,Nam,1988-10-08,hanoi,2026-01-08
C0296,Bùi Hà,bùi.hà207@example.com,0972430609,Nữ,1976-01-10,Hanoi,2026-06-13
C0297,Nguyễn Phương,nguyễn.phương951@example.com,0984650270,Nữ,09/22/1978,Hai Phong,2025-11-02
C0298,Vũ Quân,vũ.quân104@example.com,0937 065 780,F,05/15/1979,HN,2025-06-15
C0299,Phạm Lan,phạm.lan720@example.com,0976 595 577,Nam,1890-01-01,Hai Phong,2025-11-21
C0300,Lê Phương,lê.phương423@example.com,0973 194 339,Nam,02/15/1989,Danang,2026-05-15
C0301,Phạm Lan,phạm.lan531@example.com,0967929437,male,1985-07-09,Hà Nội,2025-09-02
C0302,Phạm Lan,phạm.lan472@example.com,+84930862559,M,1973-11-17,Hà Nội,2024-04-06
C0303,Vũ Linh,vũ.linh846@example.com,0912 355 203,Female,04/16/2003,HP,2024-06-26
C0304,Hoàng Bình,hoàng.bình233@example.com,0988 379 384,Male,10/24/1970,QN,2026-06-09
C0305,Đặng Bình,đặng.bình610@example.com,0935 353 616,Female,1995-03-31,Quảng Ninh,2025-04-01
C0306,Hoàng Phương,hoàng.phương493@example.com,0911 050 305,F,12/09/1971,Ho Chi Minh,2026-02-19
C0307,Phạm Linh,phạm.linh353@example.com,0910 739 064,Male,01/04/1991,,2024-07-14
C0308,Vũ Trang,vũ.trang249@example.com,0971 081 378,M,30/01/1970,Hanoi,2026-01-27
C0309,Vũ Dũng,vũ.dũng145@example.com,0934 025 252,Male,02/05/2003,BN,2025-09-29
C0310,Đỗ Bình,đỗ.bình679@example.com,0931 276 060,female,1994-11-13,Da Nang,2025-11-07
C0311,Hoàng Phương,hoàng.phương575@example.com,0919 579 450,Male,1977-11-03,Hai Phong,2025-05-27
C0312,Đỗ Minh,đỗ.minh64@example.com,0934 706 339,male,20/12/2004,Quang Ninh,2024-10-09
C0313,Đỗ Mai,đỗ.mai587@example.com,0911860396,Nam,27/05/1980,hcm,2025-03-03
C0314,Vũ Trang,vũ.trang149@example.com,0971 656 216,M,18/02/1972,Quang Ninh,2025-03-16
C0315,Đỗ Dũng,đỗ.dũng916@example.com,0913 877 844,male,1999-09-29,Quang Ninh,2026-02-02
C0316,Trần Hà,trần.hà705@example.com,+84910966652,M,05/04/1962,hanoi,2025-01-02
C0317,Bùi Nga,bùi.nga761@example.com,0918 411 070,F,1984-03-17,Ho Chi Minh City,2025-02-26
C0318,Lê Trang,lê.trang404@example.com,0974 342 407,Male,02/15/1994,Da Nang,2026-01-07
C0319,Bùi Trang,bùi.trang451@example.com,+84908259037,male,03/06/1964,DN,2024-07-13
C0320,Lê Quân,lê.quân600@example.com,0936 051 847,M,25/02/1970,N/A,2024-07-03
C0321,Vũ Trang,vũ.trang127@example.com,0901572426,Female,09/17/1974,Bắc Ninh,2026-01-05
C0322,Vũ Chi,vũ.chi893@example.com,0977 796 150,M,1975-05-01,Can Tho,2024-12-09
C0323,Lê Bình,lê.bình260@example.com,0963792189,Nữ,25/04/1960,Quảng Ninh,2025-09-29
C0324,Đỗ An,đỗ.an635@example.com,0978 254 406,F,1981-12-14,Đà Nẵng,2025-07-14
C0325,Lê Bình,lê.bình166@example.com,0983 105 630,male,31/02/2001,hcm,2025-03-02
C0326,Đỗ Hùng,đỗ.hùng67@example.com,+84967307388,Nữ,1998-05-03,Can Tho,2026-05-13
C0327,Hoàng Nam,hoàng.nam706@example.com,0974 220 595,male,12/11/1967,BN,2025-05-10
C0328,Vũ Mai,vũ.mai726@example.com,+84975696474,F,1976-02-21,Ho Chi Minh City,2025-09-16
C0329,Nguyễn Trang,nguyễn.trang207@example.com,0987 726 403,male,18/01/1979,Bac Ninh,2024-01-12
C0330,Hoàng Minh,hoàng.minh854@example.com,+84975713359,Nữ,04/10/1975,Da Nang,2024-07-17
C0331,Lê Tuấn,lê.tuấn695@example.com,+84916853747,Male,1986-11-08,BN,2025-08-01
C0332,Vũ Nga,vũ.nga120@example.com,+84909209685,female,12/13/1994,Can Tho,2024-07-10
C0333,Hoàng Quân,hoàng.quân936@example.com,0904249231,Nữ,05/10/1963,Ho Chi Minh City,2026-03-07
C0334,Bùi Hà,bùi.hà38@example.com,+84913483370,Nam,11/27/1971,BN,2024-07-29
C0335,Trần An,trần.an777@example.com,+84939650405,F,13/01/1988,Can Tho,2024-01-24
C0336,Phạm Minh,phạm.minh359@example.com,0935 762 119,female,08/03/1969,Can Tho,2024-07-30
C0337,Hoàng Linh,hoàng.linh89@example.com,+84910634146,Nam,1969-07-03,hanoi,2025-01-27
C0338,Bùi Nga,bùi.nga822@example.com,0933 178 097,Nữ,1971-10-28,Quảng Ninh,2024-04-05
C0339,Hoàng Trang,hoàng.trang904@example.com,+84962286936,Nữ,20/08/1989,Quang Ninh,2026-03-18
C0340,Trần Tuấn,trần.tuấn666@example.com,0903417611,male,08/06/1969,Cần Thơ,2024-11-29
C0341,Đặng Quân,đặng.quân351@example.com,0916 593 385,F,1999-01-21,QN,2025-08-03
C0342,Trần Tuấn,trần.tuấn611@example.com,+84905458190,female,03/10/1969,QN,2025-12-02
C0343,Nguyễn Chi,nguyễn.chi592@example.com,+84918896011,F,1986-02-24,CT,2025-02-03
C0344,Vũ Minh,vũ.minh414@example.com,0977699799,male,1960-09-23,Cần Thơ,2025-09-18
C0345,Đỗ Bình,đỗ.bình729@example.com,+84907838827,Nam,16/05/1995,DN,2025-10-02
C0346,Đỗ Lan,đỗ.lan74@example.com,0981 158 342,Male,1971-04-06,,2024-05-17
C0347,Đặng Hà,đặng.hà566@example.com,+84901888696,Nam,06/10/2000,Hai Phong,2025-06-05
C0348,Lê Quân,lê.quân495@example.com,0970 477 295,female,1963-01-01,CT,2024-02-08
C0349,Bùi Chi,bùi.chi646@example.com,0917 587 255,Female,12/08/1967,HP,2024-09-08
C0350,Đỗ Minh,đỗ.minh302@example.com,+84970374547,M,1997-10-08,QN,2024-12-27
C0351,Hoàng Mai,hoàng.mai518@example.com,0906556270,male,28/06/2003,HCMC,2024-03-25
C0352,Hoàng Mai,hoàng.mai242@example.com,+84930115148,M,06/09/1983,Bac Ninh,2026-03-12
C0353,Vũ Chi,vũ.chi752@example.com,+84915887436,Male,01/03/1975,Cần Thơ,2024-08-03
C0354,Trần Bình,trần.bình149@example.com,0914 449 926,Nam,1994-12-29,Danang,2025-04-30
C0355,Bùi Phương,bùi.phương274@example.com,0983590538,male,06/15/1984,DN,2024-12-09
C0356,Bùi Linh,bùi.linh13@example.com,+84986756930,Female,10/04/1960,Hanoi,2026-05-01
C0357,Bùi Nga,bùi.nga125@example.com,0917 206 058,Female,1979-06-14,BN,2025-09-05
C0358,Lê Phương,lê.phương945@example.com,+84987681112,Nam,10/17/1966,HP,2025-10-16
C0359,Vũ Mai,vũ.mai504@example.com,0917203928,Nam,1975-12-18,HN,2025-03-27
C0360,Trần Hà,trần.hà20@example.com,+84977269710,M,06/25/1982,HP,2026-03-06
C0361,Nguyễn Bình,nguyễn.bình865@example.com,0983 133 077,Female,11/23/2002,Hai Phong,2025-03-22
C0362,Nguyễn Phương,,+84988459364,Female,18/02/1968,Cần Thơ,2025-01-09
C0363,Phạm Hùng,phạm.hùng753@example.com,0970316863,M,1967-08-12,Hai Phong,2025-10-09
C0364,Nguyễn Linh,nguyễn.linh58@example.com,+84963764989,Male,21/06/1961,Da Nang,2024-02-07
C0365,Phạm Trang,phạm.trang47@example.com,0988572074,M,1961-09-16,Can Tho,2025-04-27
C0366,Nguyễn Minh,nguyễn.minh208@example.com,+84904158147,female,10/15/1979,QN,2024-03-05
C0367,Đặng Nam,đặng.nam281@example.com,0909518775,Nam,1990-02-05,Hà Nội,2024-03-05
C0368,Đỗ Hùng,đỗ.hùng8@example.com,0962517631,Female,09/08/2003,hanoi,2024-03-23
C0369,Hoàng Quân,hoàng.quân39@example.com,0988 762 654,M,08/29/1975,Bắc Ninh,2025-09-17
C0370,Trần Minh,trần.minh642@example.com,0934 519 968,F,03/09/1979,Quang Ninh,2025-04-20
C0371,Phạm Dũng,phạm.dũng258@example.com,+84916941606,Nữ,1985-07-28,Hai Phong,2024-08-02
C0372,Nguyễn Hùng,-,+84917418753,F,1977-10-30,Bắc Ninh,2026-02-04
C0373,Phạm Dũng,phạm.dũng466@example.com,0917832448,Nam,01/01/1973,Can Tho,2024-08-09
C0374,Bùi Lan,bùi.lan176@example.com,+84983230521,F,06/10/2001,HP,2025-04-14
C0375,Lê Hùng,-,+84979808495,F,2001-07-07,Hà Nội,2024-10-12
C0376,Đặng Linh,đặng.linh404@example.com,+84979984097,Female,06/01/1963,Cần Thơ,2025-03-11
C0377,Phạm Chi,phạm.chi313@example.com,0977642329,Nữ,06/05/1961,BN,2025-05-06
C0378,Nguyễn Trang,unknown,0967 847 346,Male,05/05/1966,Bắc Ninh,2025-01-29
C0379,Hoàng Lan,hoàng.lan477@example.com,0980 870 968,Male,15/12/1969,Danang,2025-01-27
C0380,Lê Chi,lê.chi780@example.com,0977292149,female,27/10/1978,Bắc Ninh,2026-02-10
C0381,Đỗ Quân,đỗ.quân377@example.com,0930 345 845,Female,1986-03-21,Cần Thơ,2025-04-07
C0382,Trần Chi,trần.chi24@example.com,+84968291264,Nam,04/29/1978,BN,2025-06-17
C0383,Lê Tuấn,lê.tuấn352@example.com,0934 701 088,female,18/02/1990,CT,2025-02-25
C0384,Đỗ Trang,đỗ.trang292@example.com,+84963171249,M,03/30/1964,Đà Nẵng,2024-05-31
C0385,Đỗ Minh,đỗ.minh452@example.com,+84919866120,female,1988-05-28,HCMC,2025-08-11
C0386,Đỗ Bình,đỗ.bình149@example.com,+84983335139,female,1996-04-17,Quang Ninh,2025-05-26
C0387,Đỗ Nam,đỗ.nam116@example.com,0987 429 951,Nữ,1999-08-30,Bac Ninh,2024-12-12
C0388,Đỗ Dũng,đỗ.dũng285@example.com,0930623361,Male,1979-12-06,QN,2026-03-11
C0389,Bùi Chi,-,0973465063,male,13/05/1998,Hải Phòng,2025-01-13
C0390,Hoàng Trang,hoàng.trang143@example.com,0970 749 828,Female,1998-01-09,Hai Phong,2026-01-16
C0391,Hoàng Tuấn,hoàng.tuấn474@example.com,0979 097 049,M,1997-03-09,Can Tho,2024-06-28
C0392,Đặng Minh,đặng.minh308@example.com,0974 835 472,Nữ,1960-03-21,Danang,2024-06-06
C0393,Đặng Hùng,đặng.hùng580@example.com,+84969607495,male,06/15/1992,HP,2025-08-18
C0394,Bùi Dũng,bùi.dũng55@example.com,+84935581038,female,26/02/1972,TP.HCM,2024-12-31
C0395,Nguyễn Minh,,0935 957 107,male,10/12/1988,,2026-06-12
C0396,Trần Nga,trần.nga852@example.com,0910534391,Female,12/11/1973,Ho Chi Minh,2025-05-30
C0397,Trần Dũng,trần.dũng312@example.com,0919433885,Female,1990-09-08,Bac Ninh,2024-06-25
C0398,Lê Linh,lê.linh111@example.com,0931106707,Male,09/09/1998,Ho Chi Minh City,2024-02-13
C0399,Hoàng Bình,hoàng.bình150@example.com,0903 001 652,male,07/16/1991,Hà Nội,2024-01-30
C0400,Vũ Hùng,vũ.hùng924@example.com,0977 650 875,Male,03/08/1977,Ho Chi Minh City,2024-10-15
C0401,Phạm Tuấn,phạm.tuấn780@example.com,+84936161894,Female,31/05/1980,Hanoi,2025-02-21
C0402,Đỗ Hà,đỗ.hà455@example.com,0967750312,Nam,28/12/1987,Quảng Ninh,2025-12-04
C0403,Phạm Chi,phạm.chi405@example.com,+84969306635,Female,08/17/1967,HCMC,2024-05-02
C0404,Trần Nga,trần.nga821@example.com,0913 591 872,Nam,27/06/1984,Quảng Ninh,2026-02-13
C0405,Đặng Tuấn,đặng.tuấn851@example.com,0972712461,Nữ,12/07/1968,Hanoi,2026-01-25
C0406,Lê Phương,lê.phương678@example.com,+84976160077,Nữ,10/22/2001,Danang,2024-07-25
C0407,Đỗ Nam,unknown,0975904933,M,10/05/1993,HP,2025-03-29
C0408,Hoàng Hùng,hoàng.hùng875@example.com,0964337545,Male,24/02/2002,Cần Thơ,2025-05-02
C0409,Bùi Phương,bùi.phương350@example.com,+84976720513,Female,31/05/1962,Bắc Ninh,2026-02-22
C0410,Vũ Quân,vũ.quân21@example.com,0930 223 068,female,1970-04-08,Ho Chi Minh,2024-12-11
C0411,Đặng Quân,đặng.quân692@example.com,0930403530,female,24/10/2003,BN,2024-04-12
C0412,Vũ Hùng,vũ.hùng49@example.com,+84972926908,Nam,1979-03-16,Da Nang,2024-10-21
C0413,Trần Nam,trần.nam553@example.com,+84930842763,F,27/11/1986,Bắc Ninh,2025-03-19
C0414,Hoàng Trang,hoàng.trang546@example.com,0987 107 852,Nam,12/03/2001,BN,2024-10-01
C0415,Nguyễn Lan,nguyễn.lan867@example.com,+84934277848,male,12/10/1965,HCMC,2025-10-11
C0416,Hoàng Linh,hoàng.linh207@example.com,0962107349,male,1997-11-10,Hanoi,2025-10-24
C0417,Hoàng Mai,hoàng.mai888@example.com,0985607708,Nam,29/02/1988,Da Nang,2025-09-08
C0418,Đặng Hà,đặng.hà244@example.com,0911 795 899,Female,04/08/1982,Hà Nội,2025-05-23
C0419,Đặng Linh,đặng.linh325@example.com,0962 122 480,Nam,13/08/1993,Ha Noi,2025-12-17
C0420,Hoàng Hà,hoàng.hà688@example.com,0934336907,male,11/26/1964,Quảng Ninh,2025-12-08
C0421,Hoàng Nga,hoàng.nga959@example.com,0981883939,male,1982-12-04,Ha Noi,2024-11-04
C0422,Bùi Nam,no_at_symbol.com,0984088944,M,11/06/1989,Hải Phòng,2026-01-04
C0423,Đỗ Chi,đỗ.chi811@example.com,0934 753 676,M,1976-06-25,Hải Phòng,2025-10-07
C0424,Phạm Minh,phạm.minh463@example.com,+84935127761,M,23/10/1996,Đà Nẵng,2026-03-22
C0425,Vũ Minh,vũ.minh627@example.com,0910 333 850,F,1962-01-22,Bắc Ninh,2025-07-25
C0426,Phạm Mai,phạm.mai539@example.com,+84988066191,Nữ,07/12/1970,Bắc Ninh,2024-01-15
C0427,Trần Linh,trần.linh844@example.com,+84982982734,F,15/07/1978,HCMC,2025-09-06
C0428,Đặng Hà,đặng.hà893@example.com,+84902269364,Nam,12/04/1960,HCMC,2025-04-25
C0429,Đặng Quân,đặng.quân517@example.com,0985 050 943,Nam,31/01/1964,DN,2024-01-06
C0430,Vũ Hà,vũ.hà120@example.com,+84970114340,Male,1998-11-03,DN,2024-05-25
C0431,Hoàng Nga,hoàng.nga783@example.com,0962867238,Nữ,1988-04-22,-,2026-01-24
C0432,Lê Bình,lê.bình575@example.com,+84911414184,Nữ,11/08/1999,Bac Ninh,2024-12-31
C0433,Lê Dũng,lê.dũng539@example.com,0930 811 528,M,20/01/1979,Hanoi,2025-08-20
C0434,Phạm Tuấn,phạm.tuấn158@example.com,0980329139,Female,07/07/1969,DN,2026-05-07
C0435,Bùi Mai,bùi.mai50@example.com,0976 306 499,male,08/08/1971,Quang Ninh,2024-08-04
C0436,Trần Phương,trần.phương771@example.com,0903 198 081,M,1996-02-06,Bắc Ninh,2024-10-18
C0437,Bùi Quân,bùi.quân488@example.com,+84988361685,Nam,2003-12-04,Hải Phòng,2025-04-01
C0438,Vũ Hùng,vũ.hùng663@example.com,0966 059 667,Female,08/06/2004,Bắc Ninh,2025-06-23
C0439,Đặng Chi,đặng.chi111@example.com,0963 963 245,Nam,12/11/1966,Can Tho,2024-02-16
C0440,Bùi Mai,bùi.mai427@example.com,0932 051 611,male,03/04/1995,hanoi,2024-02-16
C0441,Bùi Trang,bùi.trang109@example.com,+84978398209,Male,1983-04-07,Bắc Ninh,2026-06-11
C0442,Trần An,trần.an987@example.com,0916 446 773,Nam,12/05/1992,Bac Ninh,2025-12-08
C0443,Lê Hà,lê.hà642@example.com,0901 861 041,F,1981-09-09,Quảng Ninh,2025-03-22
C0444,Bùi Hà,bùi.hà207@example.com,+84964197440,Nam,2000-04-29,TP.HCM,2025-08-22
C0445,Nguyễn Dũng,nguyễn.dũng498@example.com,0988 444 579,Nữ,1963-04-27,HP,2025-05-14
C0446,Nguyễn An,nguyễn.an447@example.com,0965526816,M,09/02/1991,BN,2025-04-04
C0447,Phạm Tuấn,phạm.tuấn741@example.com,0934 556 987,Nam,10/01/2002,Danang,2024-05-14
C0448,Bùi Hùng,bùi.hùng241@example.com,0972604114,Male,1997-04-26,Danang,2025-05-20
C0449,Hoàng Nga,hoàng.nga499@example.com,+84981880046,female,29/10/1970,Ho Chi Minh City,2025-07-29
C0450,Đỗ Mai,đỗ.mai626@example.com,0918 861 097,Female,12/13/1969,-,2024-04-18
C0451,Đỗ Dũng,,+84916891245,M,1968-11-27,Bac Ninh,2024-06-06
C0452,Bùi Quân,bùi.quân252@example.com,0902835037,Nam,1992-05-09,Bac Ninh,2025-10-06
C0453,Đặng Quân,đặng.quân323@example.com,+84968956947,M,30/03/1966,Da Nang,2024-03-27
C0454,Đặng Bình,đặng.bình908@example.com,0989 159 978,male,07/13/1986,HP,2025-03-05
C0455,Vũ Nga,vũ.nga909@example.com,0908 961 468,Nam,1999-09-01,Danang,2025-12-15
C0456,Trần Bình,trần.bình776@example.com,0973 771 920,M,1988-01-05,Da Nang,2025-06-17
C0457,Đỗ Mai,đỗ.mai775@example.com,0918 345 782,Female,20/10/1991,Hà Nội,2024-05-06
C0458,Nguyễn Trang,nguyễn.trang292@example.com,0939 895 865,M,12/23/1980,DN,2024-12-24
C0459,Đỗ Linh,đỗ.linh436@example.com,0903583078,Nữ,1967-05-09,HN,2024-04-04
C0460,Trần Nga,trần.nga750@example.com,+84985553244,M,1999-06-25,HP,2025-12-06
C0461,Lê Tuấn,lê.tuấn944@example.com,0984955640,Nam,1974-01-26,Da Nang,2025-07-26
C0462,Vũ Minh,vũ.minh911@example.com,+84905133201,F,1997-11-02,DN,2024-02-19
C0463,Nguyễn Dũng,nguyễn.dũng854@example.com,0973 845 597,M,2002-08-20,BN,2026-05-04
C0464,Bùi Trang,bùi.trang47@example.com,0984 837 642,Nữ,06/22/1995,Cần Thơ,2024-12-13
C0465,Trần Hùng,trần.hùng194@example.com,+84980673660,Male,1964-09-28,CT,2025-08-06
C0466,Đỗ Hùng,đỗ.hùng47@example.com,+84902288505,Male,29/09/1988,Cần Thơ,2025-02-15
C0467,Lê Quân,lê.quân158@example.com,+84908321011,Nam,12/05/1982,Ha Noi,2026-02-25
C0468,Nguyễn Nam,nguyễn.nam246@example.com,0910 033 433,F,07/11/1970,hcm,2024-02-23
C0469,Đỗ Phương,đỗ.phương987@example.com,0902 350 069,Female,1961-09-02,CT,2024-10-02
C0470,Lê Minh,lê.minh985@example.com,0974 062 939,Nữ,1981-12-29,Hai Phong,2025-07-04
C0471,Bùi Minh,bùi.minh218@example.com,0989 094 583,male,1991-07-12,Bac Ninh,2026-05-12
C0472,Đỗ Chi,x@y,+84930687982,Nữ,22/07/1988,Đà Nẵng,2025-11-29
C0473,Vũ Nam,vũ.nam424@example.com,0914 506 604,Nữ,09/11/1960,-,2025-11-19
C0474,Trần Chi,trần.chi860@example.com,0970 866 388,Male,1992-02-11,Ho Chi Minh,2025-01-31
C0475,Vũ Lan,vũ.lan227@example.com,0960776718,Nữ,14/03/1987,Bac Ninh,2026-04-07
C0476,Hoàng Tuấn,hoàng.tuấn199@example.com,0987 218 385,M,2004-04-26,CT,2024-06-23
C0477,Lê Chi,lê.chi905@example.com,+84912525716,Male,09/09/1982,CT,2025-11-28
C0478,Nguyễn Nam,nguyễn.nam941@example.com,+84968415450,Nữ,22/02/1980,Da Nang,2024-02-18
C0479,Đặng Lan,đặng.lan338@example.com,+84930507940,Female,06/05/1982,Ho Chi Minh City,2024-07-20
C0480,Nguyễn Tuấn,nguyễn.tuấn842@example.com,+84968563212,F,1990-07-29,hanoi,2026-05-02
C0481,Bùi Dũng,bùi.dũng453@example.com,0984199386,male,06/11/1971,QN,2024-03-04
C0482,Đặng Chi,đặng.chi476@example.com,+84906523072,Female,13/12/1960,HP,2025-04-09
C0483,Nguyễn Trang,nguyễn.trang263@example.com,+84973115071,Nam,21/04/1971,CT,2025-10-14
C0484,Bùi Hùng,bùi.hùng317@example.com,0911 015 563,female,23/01/1973,Hải Phòng,2024-05-30
C0485,Nguyễn Hà,nguyễn.hà350@example.com,0902850396,Nữ,01/20/1978,HN,2026-03-15
C0486,Vũ Nam,vũ.nam478@example.com,0972 318 949,F,1980-01-04,Ho Chi Minh,2025-12-10
C0487,Vũ Phương,vũ.phương600@example.com,+84914800351,Male,1999-07-06,Bac Ninh,2024-07-18
C0488,Phạm Minh,phạm.minh852@example.com,0912 218 211,M,27/06/1983,Hanoi,2024-04-13
C0489,Vũ Lan,vũ.lan67@example.com,0934331576,M,1998-11-29,Bac Ninh,2026-06-18
C0490,Phạm Phương,phạm.phương336@example.com,0983592061,Male,05/23/1986,TP.HCM,2026-03-19
C0491,Lê Tuấn,lê.tuấn476@example.com,0917776138,female,07/29/1993,Cần Thơ,2025-05-25
C0492,Đỗ Tuấn,đỗ.tuấn241@example.com,+84989456762,F,18/03/1978,Quảng Ninh,2025-04-07
C0493,Đặng Hùng,đặng.hùng479@example.com,+84932072520,Nam,06/03/1990,Hải Phòng,2025-03-12
C0494,Vũ Mai,vũ.mai949@example.com,0960420925,Female,1967-01-05,Da Nang,2026-03-15
C0495,Vũ Bình,vũ.bình734@example.com,0972 133 862,male,1972-05-14,,2026-05-25
C0496,Hoàng Nga,N/A,0969 870 699,F,30/08/1995,HCMC,2024-08-21
C0497,Đỗ Trang,đỗ.trang572@example.com,0988308494,female,1999-05-10,QN,2025-04-05
C0498,Lê Minh,lê.minh24@example.com,0980 883 464,Male,1986-11-18,Can Tho,2024-11-29
C0499,Vũ Phương,vũ.phương107@example.com,0962 351 154,M,1987-05-01,-,2024-04-05
C0500,Bùi An,bùi.an176@example.com,+84911932254,Nam,26/01/1993,Ha Noi,2025-06-14
C0131,Nguyễn Linh,nguyễn.linh590@example.com,+84980457719,female,1981-01-03,Bắc Ninh,2026-04-15
C0292,Bùi Hà,bùi.hà661@example.com,0937246397,Female,1965-05-21,DN,2024-03-02
C0038,Đặng Hùng,đặng.hùng252@example.com,0985669748,male,29/01/1984,Quang Ninh,2024-11-26
C0240,Hoàng Trang,hoàng.trang599@example.com,+84919097102,Male,15/09/1983,Ho Chi Minh,2024-05-13
C0192,Bùi Minh,bùi.minh349@example.com,0914 022 509,M,27/01/1978,Ho Chi Minh City,2026-04-05
C0421,Hoàng Nga,hoàng.nga959@example.com,0981883939,male,1982-12-04,Ha Noi,2024-11-04
