order_id,product_id,quantity,unit_price
O00001,P046,3,2288000.0
O00001,P049,1,332000.0
O00002,P097,3,2654000.0
O00002,P034,2,746000.0
O00002,P070,2,932000.0
O00003,P037,4,3906000.0
O00003,P067,1,1425000.0
O00003,P020,2,2417000.0
O00003,P065,5,567000.0
O00004,P041,4,2459000.0
O00005,P006,5,3589000.0
O00005,P056,4,479000.0
O00005,P004,1,4958000.0
O00005,P007,1,3201000.0
O00006,P032,4,3853000.0
O00006,P045,3,141000.0
O00006,P012,3,1343000.0
O00007,P068,2,1418000.0
O00007,P052,4,441000.0
O00007,P073,1,1746000.0
O00008,P053,2,4333000.0
O00008,P035,5,2034000.0
O00009,P042,3,451000.0
O00009,P047,3,3659000.0
O00010,P074,4,3286000.0
O00010,P094,1,3233000.0
O00011,P081,4,3238000.0
O00012,P053,2,4333000.0
O00013,P053,5,4333000.0
O00013,P079,5,3344000.0
O00014,P080,3,2640000.0
O00014,P003,5,4357000.0
O00014,P024,2,268000.0
O00014,P009,1,4708000.0
O00015,P007,1,3201000.0
O00015,P051,3,3671000.0
O00015,P068,1,1418000.0
O00016,P034,3,1503000.0
O00017,P064,2,1624000.0
O00017,P067,2,1425000.0
O00017,P049,2,332000.0
O00017,P068,1,1418000.0
O00018,P035,2,2034000.0
O00018,P020,1,1209000.0
O00018,P090,4,4442000.0
O00018,P080,3,2640000.0
O00019,P067,5,1425000.0
O00019,P083,3,590000.0
O00020,P039,2,197000.0
O00020,P003,2,3488000.0
O00020,P097,2,2654000.0
O00020,P048,5,1507000.0
O00021,P028,1,3299000.0
O00021,P040,3,873000.0
O00021,P011,4,407000.0
O00021,P006,4,3589000.0
O00022,P081,4,3238000.0
O00022,P021,3,1400000.0
O00022,P097,3,2654000.0
O00023,P006,2,3589000.0
O00023,P052,2,441000.0
O00023,P093,3,2707000.0
O00024,P070,2,932000.0
O00024,P038,2,240000.0
O00024,P086,1,601000.0
O00025,P049,3,332000.0
O00025,P053,3,4333000.0
O00025,P038,5,4766000.0
O00025,P068,5,1418000.0
O00026,P099,2,2795000.0
O00027,P048,2,1507000.0
O00028,P036,3,3635000.0
O00028,P093,2,2707000.0
O00029,P079,1,3344000.0
O00029,P087,3,357000.0
O00029,P038,1,2436000.0
O00029,P031,2,1168000.0
O00030,P027,3,3321000.0
O00030,P025,5,3833000.0
O00031,P076,3,1801000.0
O00031,P091,1,1454000.0
O00031,P051,2,3671000.0
O00032,P014,1,596000.0
O00032,P013,5,4455000.0
O00033,P068,4,1418000.0
O00033,P093,1,2707000.0
O00033,P070,1,932000.0
O00033,P078,2,1472000.0
O00034,P076,1,1801000.0
O00034,P081,2,3238000.0
O00035,P028,2,3299000.0
O00035,P052,3,441000.0
O00035,P029,1,137000.0
O00035,P053,1,4333000.0
O00036,P011,5,407000.0
O00037,P098,3,3999000.0
O00037,P050,1,4410000.0
O00037,P060,5,2004000.0
O00037,P053,5,4333000.0
O00038,P002,2,3788000.0
O00039,P004,1,4851000.0
O00039,P014,3,596000.0
O00040,P015,5,1829000.0
O00040,P017,5,1043000.0
O00040,P068,1,1418000.0
O00040,P032,4,3853000.0
O00041,P061,4,798000.0
O00041,P034,3,4933000.0
O00041,P016,4,3419000.0
O00042,P080,2,2640000.0
O00043,P048,5,1507000.0
O00043,P045,2,141000.0
O00043,P008,1,1552000.0
O00043,P040,5,873000.0
O00044,P016,5,3419000.0
O00045,P014,5,596000.0
O00045,P038,2,1945000.0
O00045,P051,5,3671000.0
O00046,P044,1,685000.0
O00046,P076,2,1801000.0
O00046,P097,4,2654000.0
O00046,P025,2,3833000.0
O00047,P028,5,3299000.0
O00048,P010,2,3273000.0
O00048,P058,3,3141000.0
O00049,P044,4,685000.0
O00049,P010,1,3273000.0
O00049,P033,1,3829000.0
O00050,P017,5,1043000.0
O00050,P069,4,3455000.0
O00050,P096,1,1486000.0
O00051,P081,1,3238000.0
O00051,P100,3,4842000.0
O00051,P031,4,1168000.0
O00052,P055,4,2575000.0
O00052,P096,1,1486000.0
O00052,P067,1,1425000.0
O00052,P015,2,1829000.0
O00053,P100,1,4842000.0
O00053,P006,2,3589000.0
O00053,P008,5,1552000.0
O00053,P027,3,3321000.0
O00054,P051,5,3671000.0
O00054,P012,1,1343000.0
O00054,P050,2,4410000.0
O00054,P088,4,4955000.0
O00055,P042,2,868000.0
O00056,P099,2,2795000.0
O00056,P033,3,3829000.0
O00057,P007,4,3201000.0
O00057,P066,5,841000.0
O00057,P024,4,268000.0
O00058,P063,4,169000.0
O00059,P098,5,3999000.0
O00059,P083,2,590000.0
O00059,P080,2,2640000.0
O00059,P068,3,1418000.0
O00060,P096,1,1486000.0
O00060,P015,2,1829000.0
O00060,P039,5,197000.0
O00061,P068,4,1418000.0
O00062,P044,3,685000.0
O00063,P053,1,4333000.0
O00063,P028,2,3299000.0
O00064,P079,1,3344000.0
O00064,P007,1,3201000.0
O00064,P086,3,601000.0
O00065,P089,1,884000.0
O00065,P078,1,1472000.0
O00065,P065,3,567000.0
O00065,P073,5,1746000.0
O00066,P038,3,4752000.0
O00067,P003,4,2140000.0
O00067,P075,2,1039000.0
O00068,P097,5,2654000.0
O00068,P091,5,1454000.0
O00068,P080,4,2640000.0
O00068,P099,5,2795000.0
O00069,P100,3,4842000.0
O00069,P071,5,2693000.0
O00069,P098,5,3999000.0
O00069,P096,4,1486000.0
O00070,P067,3,1425000.0
O00071,P069,3,3455000.0
O00071,P075,4,1039000.0
O00072,P019,3,4182000.0
O00072,P073,1,1746000.0
O00073,P003,5,2586000.0
O00073,P073,5,1746000.0
O00073,P025,2,3833000.0
O00074,P014,2,596000.0
O00074,P100,2,4842000.0
O00075,P100,2,4842000.0
O00075,P100,4,4842000.0
O00075,P052,5,441000.0
O00076,P053,5,4333000.0
O00077,P072,4,1319000.0
O00078,P082,1,3808000.0
O00078,P059,4,2095000.0
O00078,P004,4,1474000.0
O00078,P096,2,1486000.0
O00079,P072,2,4309000.0
O00079,P078,2,1472000.0
O00079,P042,5,3013000.0
O00081,P067,2,1425000.0
O00081,P085,5,3072000.0
O00082,P037,1,3906000.0
O00083,P053,1,4333000.0
O00083,P019,5,4182000.0
O00083,P079,4,3344000.0
O00084,P004,5,1256000.0
O00084,P052,5,441000.0
O00084,P098,3,3999000.0
O00085,P056,3,479000.0
O00085,P012,5,1343000.0
O00086,P074,4,3286000.0
O00086,P045,4,141000.0
O00086,P081,1,3238000.0
O00086,P028,1,3299000.0
O00087,P055,1,2575000.0
O00087,P087,2,1608000.0
O00087,P068,3,1418000.0
O00087,P074,3,3286000.0
O00088,P033,2,3829000.0
O00089,P052,5,441000.0
O00089,P020,2,4863000.0
O00089,P099,3,2795000.0
O00090,P081,1,3238000.0
O00090,P004,2,3969000.0
O00090,P097,2,2654000.0
O00091,P001,5,796000.0
O00092,P077,4,2971000.0
O00092,P050,1,4410000.0
O00092,P008,1,1552000.0
O00092,P098,4,3999000.0
O00093,P010,1,3273000.0
O00093,P086,2,601000.0
O00094,P004,1,592000.0
O00094,P049,5,332000.0
O00094,P008,5,1552000.0
O00095,P011,3,407000.0
O00095,P081,5,3238000.0
O00095,P010,3,3273000.0
O00096,P059,4,2095000.0
O00097,P081,5,3238000.0
O00097,P026,5,2865000.0
O00098,P083,4,590000.0
O00098,P081,2,3238000.0
O00098,P007,3,3201000.0
O00098,P029,3,137000.0
O00099,P003,4,3659000.0
O00099,P057,5,88000.0
O00099,P037,4,3906000.0
O00100,P008,4,1552000.0
O00100,P018,4,676000.0
O00101,P086,2,601000.0
O00101,P077,2,2971000.0
O00101,P045,1,141000.0
O00101,P072,1,4081000.0
O00102,P050,1,4410000.0
O00102,P021,5,1400000.0
O00102,P090,5,4442000.0
O00102,P009,3,4708000.0
O00103,P051,5,3671000.0
O00104,P009,2,4708000.0
O00104,P026,2,2865000.0
O00104,P059,2,2095000.0
O00105,P017,3,1043000.0
O00107,P070,1,932000.0
O00107,P060,1,2004000.0
O00107,P027,2,3321000.0
O00107,P087,1,693000.0
O00108,P001,4,796000.0
O00108,P015,2,1829000.0
O00109,P031,5,1168000.0
O00109,P086,3,601000.0
O00109,P017,4,1043000.0
O00109,P064,5,1624000.0
O00110,P049,1,332000.0
O00110,P025,2,3833000.0
O00110,P058,1,3141000.0
O00111,P040,3,873000.0
O00111,P076,1,1801000.0
O00111,P093,2,2707000.0
O00112,P007,2,3201000.0
O00112,P051,3,3671000.0
O00112,P066,1,841000.0
O00113,P056,3,479000.0
O00114,P007,2,3201000.0
O00114,P058,2,3141000.0
O00114,P088,3,4955000.0
O00115,P051,4,3671000.0
O00116,P019,4,4182000.0
O00117,P086,5,601000.0
O00117,P022,2,1748000.0
O00117,P010,1,3273000.0
O00117,P021,1,1400000.0
O00118,P076,5,1801000.0
O00118,P024,1,268000.0
O00118,P081,2,3238000.0
O00118,P034,5,3489000.0
O00119,P074,5,3286000.0
O00119,P044,4,685000.0
O00120,P030,4,989000.0
O00120,P030,5,989000.0
O00120,P032,1,3853000.0
O00120,P066,2,841000.0
O00121,P053,1,4333000.0
O00121,P044,2,685000.0
O00121,P074,4,3286000.0
O00122,P064,5,1624000.0
O00123,P052,1,441000.0
O00123,P059,4,2095000.0
O00123,P090,1,4442000.0
O00123,P052,4,441000.0
O00124,P052,5,441000.0
O00124,P100,2,4842000.0
O00125,P047,1,3659000.0
O00126,P070,2,932000.0
O00126,P011,2,407000.0
O00126,P024,2,268000.0
O00126,P081,3,3238000.0
O00127,P087,2,756000.0
O00127,P051,3,3671000.0
O00127,P002,3,3788000.0
O00128,P014,3,596000.0
O00128,P052,5,441000.0
O00128,P020,1,4333000.0
O00128,P084,2,2331000.0
O00129,P074,2,3286000.0
O00130,P073,4,1746000.0
O00130,P059,5,2095000.0
O00130,P006,5,3589000.0
O00131,P031,4,1168000.0
O00131,P080,5,2640000.0
O00131,P070,3,932000.0
O00132,P021,2,1400000.0
O00133,P043,1,3251000.0
O00134,P085,5,3072000.0
O00134,P056,5,479000.0
O00135,P065,3,567000.0
O00135,P083,2,590000.0
O00135,P039,5,197000.0
O00136,P095,5,1138000.0
O00136,P066,5,841000.0
O00136,P081,1,3238000.0
O00137,P037,3,3906000.0
O00138,P081,5,3238000.0
O00138,P065,4,567000.0
O00138,P097,1,2654000.0
O00138,P089,4,884000.0
O00139,P046,2,2288000.0
O00140,P070,4,932000.0
O00140,P058,4,3141000.0
O00141,P026,5,2865000.0
O00141,P099,2,2795000.0
O00141,P004,5,3752000.0
O00141,P036,4,3635000.0
O00142,P079,1,3344000.0
O00143,P064,5,1624000.0
O00143,P069,4,3455000.0
O00143,P050,5,4410000.0
O00143,P020,5,4757000.0
O00144,P065,4,567000.0
O00144,P092,2,826000.0
O00144,P017,3,1043000.0
O00144,P067,5,1425000.0
O00145,P064,1,1624000.0
O00145,P083,5,590000.0
O00146,P088,5,4955000.0
O00146,P001,4,796000.0
O00146,P083,2,590000.0
O00147,P048,1,1507000.0
O00147,P090,3,4442000.0
O00148,P085,3,3072000.0
O00149,P049,5,332000.0
O00149,P043,4,3251000.0
O00149,P073,1,1746000.0
O00149,P004,1,1425000.0
O00150,P070,2,932000.0
O00150,P100,3,4842000.0
O00150,P048,3,1507000.0
O00151,P024,5,268000.0
O00151,P051,4,3671000.0
O00151,P076,4,1801000.0
O00152,P018,3,676000.0
O00152,P079,3,3344000.0
O00153,P082,2,3808000.0
O00154,P051,2,3671000.0
O00154,P025,5,3833000.0
O00154,P074,1,3286000.0
O00155,P052,2,441000.0
O00155,P034,1,2735000.0
O00155,P024,5,268000.0
O00156,P093,4,2707000.0
O00156,P023,3,415000.0
O00156,P050,2,4410000.0
O00157,P052,5,441000.0
O00157,P029,2,137000.0
O00158,P068,5,1418000.0
O00158,P088,3,4955000.0
O00158,P014,2,596000.0
O00159,P072,4,3074000.0
O00160,P004,4,4301000.0
O00160,P034,4,4626000.0
O00160,P042,1,2675000.0
O00161,P099,3,2795000.0
O00161,P034,2,112000.0
O00161,P025,3,3833000.0
O00161,P081,5,3238000.0
O00162,P087,5,4776000.0
O00163,P015,4,1829000.0
O00164,P022,1,1748000.0
O00164,P026,5,2865000.0
O00164,P091,3,1454000.0
O00164,P075,2,1039000.0
O00165,P005,1,2090000.0
O00165,P047,2,3659000.0
O00165,P051,3,3671000.0
O00166,P042,3,3766000.0
O00167,P042,3,1707000.0
O00168,P028,2,3299000.0
O00169,P080,2,2640000.0
O00169,P054,4,892000.0
O00169,P094,5,3233000.0
O00170,P031,4,1168000.0
O00171,P041,1,2459000.0
O00171,P003,5,2227000.0
O00171,P020,1,2372000.0
O00171,P099,1,2795000.0
O00172,P100,3,4842000.0
O00173,P059,4,2095000.0
O00173,P079,5,3344000.0
O00174,P090,5,4442000.0
O00175,P072,1,1128000.0
O00175,P097,4,2654000.0
O00175,P001,3,796000.0
O00175,P047,2,3659000.0
O00176,P066,5,841000.0
O00176,P072,3,3344000.0
O00177,P018,3,676000.0
O00177,P072,4,3458000.0
O00178,P042,5,4198000.0
O00179,P097,4,2654000.0
O00179,P069,4,3455000.0
O00179,P036,3,3635000.0
O00179,P022,2,1748000.0
O00180,P091,3,1454000.0
O00180,P066,3,841000.0
O00180,P095,3,1138000.0
O00180,P070,3,932000.0
O00181,P047,3,3659000.0
O00181,P092,5,826000.0
O00181,P037,2,3906000.0
O00181,P065,2,567000.0
O00182,P079,1,3344000.0
O00182,P011,4,407000.0
O00182,P043,1,3251000.0
O00183,P001,1,796000.0
O00183,P006,2,3589000.0
O00184,P048,2,1507000.0
O00184,P076,2,1801000.0
O00184,P010,2,3273000.0
O00185,P083,1,590000.0
O00185,P042,3,617000.0
O00186,P001,3,796000.0
O00186,P044,4,685000.0
O00187,P067,2,1425000.0
O00188,P072,2,872000.0
O00188,P037,3,3906000.0
O00188,P037,5,3906000.0
O00188,P068,5,1418000.0
O00189,P050,5,4410000.0
O00189,P080,4,2640000.0
O00189,P019,4,4182000.0
O00189,P089,2,884000.0
O00190,P058,4,3141000.0
O00190,P093,3,2707000.0
O00190,P083,4,590000.0
O00191,P066,2,841000.0
O00191,P048,3,1507000.0
O00191,P027,1,3321000.0
O00192,P023,5,415000.0
O00192,P014,2,596000.0
O00193,P009,2,4708000.0
O00193,P026,5,2865000.0
O00194,P083,1,590000.0
O00194,P081,3,3238000.0
O00195,P008,4,1552000.0
O00196,P012,5,1343000.0
O00198,P092,5,826000.0
O00198,P060,3,2004000.0
O00199,P069,2,3455000.0
O00200,P052,5,441000.0
O00200,P091,1,1454000.0
O00200,P086,4,601000.0
O00200,P023,2,415000.0
O00201,P062,4,3504000.0
O00201,P042,3,3025000.0
O00201,P072,3,4013000.0
O00202,P049,2,332000.0
O00202,P074,1,3286000.0
O00203,P019,5,4182000.0
O00203,P012,5,1343000.0
O00203,P100,4,4842000.0
O00204,P085,5,3072000.0
O00204,P031,1,1168000.0
O00204,P051,1,3671000.0
O00204,P071,2,2693000.0
O00205,P016,4,3419000.0
O00205,P023,1,415000.0
O00205,P059,2,2095000.0
O00205,P026,4,2865000.0
O00206,P073,5,1746000.0
O00206,P024,1,268000.0
O00207,P024,2,268000.0
O00207,P020,5,4693000.0
O00207,P079,2,3344000.0
O00208,P022,1,1748000.0
O00208,P094,4,3233000.0
O00208,P042,5,667000.0
O00208,P082,3,3808000.0
O00209,P071,5,2693000.0
O00209,P019,2,4182000.0
O00210,P042,3,2053000.0
O00210,P074,5,3286000.0
O00211,P041,5,2459000.0
O00211,P040,3,873000.0
O00212,P016,4,3419000.0
O00212,P093,4,2707000.0
O00212,P095,4,1138000.0
O00212,P029,2,137000.0
O00213,P038,2,210000.0
O00213,P074,3,3286000.0
O00213,P034,3,4781000.0
O00213,P100,4,4842000.0
O00214,P024,4,268000.0
O00215,P001,2,796000.0
O00215,P074,2,3286000.0
O00215,P057,1,88000.0
O00215,P021,1,1400000.0
O00216,P032,5,3853000.0
O00216,P060,5,2004000.0
O00216,P064,1,1624000.0
O00217,P063,3,169000.0
O00217,P018,5,676000.0
O00218,P017,2,1043000.0
O00218,P004,1,1153000.0
O00219,P051,1,3671000.0
O00219,P071,2,2693000.0
O00219,P023,1,415000.0
O00220,P034,5,4055000.0
O00221,P067,5,1425000.0
O00221,P065,5,567000.0
O00221,P057,3,88000.0
O00221,P088,2,4955000.0
O00222,P086,5,601000.0
O00222,P046,2,2288000.0
O00222,P031,5,1168000.0
O00223,P008,1,1552000.0
O00223,P026,1,2865000.0
O00223,P036,3,3635000.0
O00223,P031,4,1168000.0
O00224,P074,5,3286000.0
O00225,P015,4,1829000.0
O00225,P009,3,4708000.0
O00225,P021,2,1400000.0
O00226,P003,2,4778000.0
O00227,P100,5,4842000.0
O00227,P096,3,1486000.0
O00228,P012,3,1343000.0
O00229,P062,3,3504000.0
O00229,P084,5,2331000.0
O00230,P008,5,1552000.0
O00230,P026,1,2865000.0
O00231,P061,1,798000.0
O00231,P027,5,3321000.0
O00231,P064,1,1624000.0
O00231,P078,1,1472000.0
O00232,P051,1,3671000.0
O00232,P082,2,3808000.0
O00233,P015,2,1829000.0
O00233,P021,1,1400000.0
O00234,P053,4,4333000.0
O00234,P097,2,2654000.0
O00234,P007,1,3201000.0
O00234,P078,1,1472000.0
O00235,P015,4,1829000.0
O00236,P014,2,596000.0
O00236,P024,1,268000.0
O00236,P016,5,3419000.0
O00236,P093,1,2707000.0
O00237,P018,3,676000.0
O00237,P085,5,3072000.0
O00237,P098,4,3999000.0
O00237,P032,2,3853000.0
O00238,P005,3,2090000.0
O00239,P049,3,332000.0
O00239,P027,5,3321000.0
O00239,P002,2,3788000.0
O00239,P059,3,2095000.0
O00240,P020,3,1492000.0
O00241,P012,3,1343000.0
O00242,P072,4,4349000.0
O00243,P044,1,685000.0
O00243,P074,3,3286000.0
O00244,P020,5,2398000.0
O00244,P049,2,332000.0
O00245,P076,2,1801000.0
O00246,P045,4,141000.0
O00246,P009,1,4708000.0
O00246,P028,5,3299000.0
O00247,P017,5,1043000.0
O00247,P064,1,1624000.0
O00247,P100,1,4842000.0
O00248,P059,1,2095000.0
O00248,P019,3,4182000.0
O00249,P055,3,2575000.0
O00249,P071,3,2693000.0
O00250,P050,3,4410000.0
O00250,P098,2,3999000.0
O00250,P028,1,3299000.0
O00251,P010,2,3273000.0
O00251,P004,2,3997000.0
O00251,P007,4,3201000.0
O00252,P047,5,3659000.0
O00253,P062,2,3504000.0
O00253,P072,4,2326000.0
O00254,P022,5,1748000.0
O00255,P057,1,88000.0
O00256,P055,5,2575000.0
O00256,P003,4,1919000.0
O00256,P017,2,1043000.0
O00256,P037,5,3906000.0
O00258,P021,1,1400000.0
O00258,P029,3,137000.0
O00258,P005,2,2090000.0
O00259,P016,1,3419000.0
O00260,P052,4,441000.0
O00260,P073,4,1746000.0
O00260,P048,4,1507000.0
O00261,P080,1,2640000.0
O00261,P048,4,1507000.0
O00261,P076,3,1801000.0
O00262,P037,4,3906000.0
O00262,P023,2,415000.0
O00262,P033,4,3829000.0
O00263,P018,3,676000.0
O00264,P056,1,479000.0
O00264,P015,1,1829000.0
O00264,P072,1,1020000.0
O00264,P066,1,841000.0
O00265,P027,1,3321000.0
O00266,P071,2,2693000.0
O00266,P013,4,4455000.0
O00266,P052,3,441000.0
O00266,P098,1,3999000.0
O00267,P021,4,1400000.0
O00267,P067,1,1425000.0
O00267,P070,1,932000.0
O00268,P058,1,3141000.0
O00268,P019,5,4182000.0
O00268,P004,1,2857000.0
O00269,P060,1,2004000.0
O00270,P053,4,4333000.0
O00271,P032,1,3853000.0
O00272,P092,2,826000.0
O00272,P043,1,3251000.0
O00272,P047,5,3659000.0
O00273,P063,3,169000.0
O00273,P026,4,2865000.0
O00273,P023,1,415000.0
O00274,P004,1,4679000.0
O00274,P056,2,479000.0
O00275,P069,5,3455000.0
O00275,P087,3,3710000.0
O00275,P055,4,2575000.0
O00276,P064,1,1624000.0
O00276,P027,1,3321000.0
O00276,P072,1,2784000.0
O00277,P086,2,601000.0
O00277,P078,4,1472000.0
O00278,P057,3,88000.0
O00278,P056,4,479000.0
O00279,P020,1,2943000.0
O00279,P068,2,1418000.0
O00279,P018,4,676000.0
O00280,P005,1,2090000.0
O00281,P052,4,441000.0
O00281,P055,1,2575000.0
O00281,P040,3,873000.0
O00282,P097,1,2654000.0
O00283,P007,4,3201000.0
O00284,P086,4,601000.0
O00284,P016,3,3419000.0
O00284,P005,1,2090000.0
O00284,P096,3,1486000.0
O00285,P070,5,932000.0
O00285,P009,5,4708000.0
O00286,P074,1,3286000.0
O00286,P041,2,2459000.0
O00286,P086,1,601000.0
O00287,P023,1,415000.0
O00287,P033,5,3829000.0
O00287,P078,5,1472000.0
O00288,P076,3,1801000.0
O00289,P051,5,3671000.0
O00289,P068,4,1418000.0
O00289,P082,2,3808000.0
O00289,P083,1,590000.0
O00290,P060,5,2004000.0
O00290,P057,1,88000.0
O00291,P049,5,332000.0
O00291,P072,3,886000.0
O00291,P053,4,4333000.0
O00291,P013,2,4455000.0
O00292,P063,3,169000.0
O00292,P007,4,3201000.0
O00293,P074,3,3286000.0
O00293,P032,2,3853000.0
O00293,P023,3,415000.0
O00293,P056,2,479000.0
O00294,P095,5,1138000.0
O00294,P086,5,601000.0
O00295,P075,5,1039000.0
O00295,P015,5,1829000.0
O00295,P058,1,3141000.0
O00296,P092,3,826000.0
O00297,P056,2,479000.0
O00297,P004,2,3877000.0
O00298,P066,4,841000.0
O00299,P014,1,596000.0
O00299,P053,1,4333000.0
O00300,P085,1,3072000.0
O00300,P081,3,3238000.0
O00301,P070,1,932000.0
O00302,P048,5,1507000.0
O00302,P074,5,3286000.0
O00303,P019,1,4182000.0
O00303,P011,4,407000.0
O00303,P003,5,4175000.0
O00303,P081,5,3238000.0
O00304,P085,5,3072000.0
O00304,P004,1,4527000.0
O00304,P052,3,441000.0
O00305,P069,2,3455000.0
O00305,P021,1,1400000.0
O00305,P058,3,3141000.0
O00306,P074,4,3286000.0
O00306,P065,3,567000.0
O00307,P002,5,3788000.0
O00307,P023,1,415000.0
O00307,P004,3,4474000.0
O00307,P006,4,3589000.0
O00308,P041,4,2459000.0
O00308,P086,1,601000.0
O00308,P024,2,268000.0
O00308,P049,5,332000.0
O00309,P039,5,197000.0
O00310,P012,1,1343000.0
O00310,P021,5,1400000.0
O00310,P064,5,1624000.0
O00310,P035,2,2034000.0
O00311,P072,5,1282000.0
O00311,P060,4,2004000.0
O00311,P075,4,1039000.0
O00311,P086,1,601000.0
O00313,P012,5,1343000.0
O00313,P055,1,2575000.0
O00313,P046,4,2288000.0
O00314,P064,5,1624000.0
O00315,P037,5,3906000.0
O00316,P043,4,3251000.0
O00316,P046,1,2288000.0
O00317,P075,4,1039000.0
O00317,P024,3,268000.0
O00317,P082,1,3808000.0
O00317,P078,4,1472000.0
O00318,P079,4,3344000.0
O00318,P050,5,4410000.0
O00318,P032,3,3853000.0
O00319,P004,3,3761000.0
O00319,P066,3,841000.0
O00319,P020,1,3686000.0
O00319,P002,2,3788000.0
O00320,P014,4,596000.0
O00320,P019,2,4182000.0
O00320,P046,5,2288000.0
O00321,P081,4,3238000.0
O00321,P036,5,3635000.0
O00322,P001,5,796000.0
O00322,P074,2,3286000.0
O00323,P069,4,3455000.0
O00323,P069,5,3455000.0
O00323,P030,5,989000.0
O00324,P056,2,479000.0
O00325,P051,4,3671000.0
O00325,P020,5,3696000.0
O00325,P078,5,1472000.0
O00326,P055,1,2575000.0
O00327,P012,3,1343000.0
O00328,P028,1,3299000.0
O00329,P046,5,2288000.0
O00329,P082,2,3808000.0
O00330,P092,4,826000.0
O00330,P014,2,596000.0
O00331,P061,4,798000.0
O00331,P001,3,796000.0
O00332,P032,1,3853000.0
O00332,P033,3,3829000.0
O00333,P052,3,441000.0
O00334,P022,3,1748000.0
O00335,P097,3,2654000.0
O00335,P064,2,1624000.0
O00335,P034,1,847000.0
O00336,P041,1,2459000.0
O00336,P025,3,3833000.0
O00336,P036,1,3635000.0
O00336,P073,4,1746000.0
O00337,P009,4,4708000.0
O00337,P097,4,2654000.0
O00337,P096,1,1486000.0
O00337,P099,5,2795000.0
O00338,P090,3,4442000.0
O00338,P077,5,2971000.0
O00339,P070,5,932000.0
O00340,P052,4,441000.0
O00341,P013,3,4455000.0
O00341,P011,4,407000.0
O00342,P053,5,4333000.0
O00342,P014,2,596000.0
O00342,P042,5,1563000.0
O00343,P081,4,3238000.0
O00343,P034,5,3508000.0
O00343,P079,5,3344000.0
O00343,P080,2,2640000.0
O00344,P090,5,4442000.0
O00344,P071,4,2693000.0
O00344,P040,5,873000.0
O00344,P049,5,332000.0
O00345,P089,1,884000.0
O00345,P042,3,4869000.0
O00345,P034,3,453000.0
O00346,P016,5,3419000.0
O00347,P093,5,2707000.0
O00347,P087,2,529000.0
O00348,P047,2,3659000.0
O00348,P090,4,4442000.0
O00348,P089,1,884000.0
O00348,P045,1,141000.0
O00349,P061,1,798000.0
O00350,P088,1,4955000.0
O00350,P030,5,989000.0
O00350,P069,5,3455000.0
O00350,P051,2,3671000.0
O00351,P041,2,2459000.0
O00351,P053,2,4333000.0
O00351,P013,5,4455000.0
O00351,P075,3,1039000.0
O00352,P048,5,1507000.0
O00352,P008,4,1552000.0
O00352,P063,1,169000.0
O00353,P004,5,4739000.0
O00354,P018,3,676000.0
O00354,P068,5,1418000.0
O00354,P033,2,3829000.0
O00356,P095,5,1138000.0
O00356,P079,4,3344000.0
O00356,P056,4,479000.0
O00357,P007,3,3201000.0
O00357,P056,3,479000.0
O00357,P021,1,1400000.0
O00357,P040,3,873000.0
O00358,P047,4,3659000.0
O00358,P097,4,2654000.0
O00358,P044,5,685000.0
O00358,P004,5,3741000.0
O00359,P099,3,2795000.0
O00359,P029,2,137000.0
O00359,P065,5,567000.0
O00360,P055,2,2575000.0
O00361,P048,3,1507000.0
O00361,P052,4,441000.0
O00362,P082,2,3808000.0
O00362,P099,4,2795000.0
O00363,P090,3,4442000.0
O00363,P007,1,3201000.0
O00363,P051,3,3671000.0
O00364,P030,1,989000.0
O00364,P002,4,3788000.0
O00364,P021,2,1400000.0
O00365,P023,2,415000.0
O00366,P024,4,268000.0
O00366,P055,4,2575000.0
O00366,P089,4,884000.0
O00367,P052,2,441000.0
O00367,P098,3,3999000.0
O00367,P079,1,3344000.0
O00368,P004,1,697000.0
O00368,P023,3,415000.0
O00368,P091,1,1454000.0
O00369,P069,5,3455000.0
O00369,P082,4,3808000.0
O00369,P008,1,1552000.0
O00370,P014,4,596000.0
O00371,P062,4,3504000.0
O00371,P072,2,1654000.0
O00371,P011,2,407000.0
O00371,P074,5,3286000.0
O00372,P057,1,88000.0
O00372,P035,4,2034000.0
O00372,P018,4,676000.0
O00373,P022,4,1748000.0
O00373,P010,2,3273000.0
O00373,P094,1,3233000.0
O00374,P007,2,3201000.0
O00374,P068,3,1418000.0
O00375,P095,4,1138000.0
O00375,P044,2,685000.0
O00376,P045,5,141000.0
O00376,P094,4,3233000.0
O00376,P097,5,2654000.0
O00376,P007,4,3201000.0
O00377,P082,2,3808000.0
O00377,P048,3,1507000.0
O00377,P066,2,841000.0
O00378,P017,1,1043000.0
O00378,P086,5,601000.0
O00378,P089,2,884000.0
O00379,P033,3,3829000.0
O00379,P097,3,2654000.0
O00379,P007,1,3201000.0
O00380,P033,3,3829000.0
O00380,P084,3,2331000.0
O00380,P037,4,3906000.0
O00380,P044,2,685000.0
O00381,P010,1,3273000.0
O00381,P018,2,676000.0
O00382,P092,4,826000.0
O00382,P037,5,3906000.0
O00383,P088,5,4955000.0
O00383,P094,1,3233000.0
O00383,P058,4,3141000.0
O00383,P100,4,4842000.0
O00384,P032,3,3853000.0
O00384,P083,2,590000.0
O00385,P022,1,1748000.0
O00385,P025,5,3833000.0
O00385,P069,4,3455000.0
O00385,P088,2,4955000.0
O00386,P061,3,798000.0
O00387,P084,5,2331000.0
O00388,P009,5,4708000.0
O00389,P032,1,3853000.0
O00389,P033,3,3829000.0
O00389,P092,2,826000.0
O00389,P005,4,2090000.0
O00390,P042,5,4170000.0
O00390,P019,3,4182000.0
O00391,P043,2,3251000.0
O00391,P040,1,873000.0
O00392,P090,1,4442000.0
O00393,P092,4,826000.0
O00394,P061,5,798000.0
O00394,P037,5,3906000.0
O00394,P009,4,4708000.0
O00394,P045,2,141000.0
O00395,P033,3,3829000.0
O00395,P086,3,601000.0
O00395,P034,3,3552000.0
O00396,P069,2,3455000.0
O00397,P089,1,884000.0
O00397,P061,5,798000.0
O00397,P080,2,2640000.0
O00398,P091,5,1454000.0
O00398,P014,1,596000.0
O00398,P083,3,590000.0
O00398,P031,5,1168000.0
O00399,P019,5,4182000.0
O00400,P065,5,567000.0
O00400,P085,3,3072000.0
O00400,P069,4,3455000.0
O00400,P080,5,2640000.0
O00401,P076,5,1801000.0
O00401,P066,2,841000.0
O00401,P098,5,3999000.0
O00401,P008,3,1552000.0
O00402,P062,5,3504000.0
O00402,P090,2,4442000.0
O00402,P062,1,3504000.0
O00403,P058,2,3141000.0
O00403,P033,4,3829000.0
O00403,P030,1,989000.0
O00404,P094,5,3233000.0
O00405,P091,3,1454000.0
O00405,P023,3,415000.0
O00405,P017,2,1043000.0
O00405,P072,2,4902000.0
O00406,P021,5,1400000.0
O00406,P031,2,1168000.0
O00406,P073,1,1746000.0
O00406,P020,1,4553000.0
O00407,P004,4,1337000.0
O00407,P073,2,1746000.0
O00407,P023,5,415000.0
O00407,P066,1,841000.0
O00408,P022,2,1748000.0
O00408,P016,1,3419000.0
O00409,P002,2,3788000.0
O00410,P023,1,415000.0
O00410,P003,1,4326000.0
O00411,P060,4,2004000.0
O00411,P049,1,332000.0
O00411,P006,1,3589000.0
O00411,P066,5,841000.0
O00412,P092,4,826000.0
O00412,P016,1,3419000.0
O00412,P071,1,2693000.0
O00412,P038,2,3102000.0
O00413,P012,3,1343000.0
O00413,P008,2,1552000.0
O00413,P071,3,2693000.0
O00413,P041,2,2459000.0
O00414,P076,5,1801000.0
O00415,P062,3,3504000.0
O00416,P097,5,2654000.0
O00416,P083,2,590000.0
O00416,P025,3,3833000.0
O00416,P040,4,873000.0
O00417,P087,1,335000.0
O00417,P001,2,796000.0
O00417,P094,1,3233000.0
O00418,P097,4,2654000.0
O00418,P024,1,268000.0
O00418,P048,3,1507000.0
O00418,P043,5,3251000.0
O00419,P057,1,88000.0
O00419,P043,1,3251000.0
O00419,P089,1,884000.0
O00419,P056,4,479000.0
O00420,P055,3,2575000.0
O00420,P012,1,1343000.0
O00420,P002,4,3788000.0
O00420,P048,3,1507000.0
O00421,P091,1,1454000.0
O00422,P037,1,3906000.0
O00422,P058,5,3141000.0
O00423,P013,4,4455000.0
O00423,P079,5,3344000.0
O00423,P035,5,2034000.0
O00424,P006,5,3589000.0
O00424,P079,1,3344000.0
O00424,P048,5,1507000.0
O00424,P098,2,3999000.0
O00425,P054,5,892000.0
O00425,P026,3,2865000.0
O00425,P071,2,2693000.0
O00425,P049,5,332000.0
O00426,P021,4,1400000.0
O00426,P078,4,1472000.0
O00426,P002,5,3788000.0
O00426,P030,5,989000.0
O00427,P072,5,4310000.0
O00427,P082,5,3808000.0
O00427,P016,4,3419000.0
O00427,P068,4,1418000.0
O00428,P047,1,3659000.0
O00429,P076,4,1801000.0
O00429,P024,3,268000.0
O00429,P059,1,2095000.0
O00430,P049,1,332000.0
O00430,P089,5,884000.0
O00430,P031,2,1168000.0
O00430,P003,1,1137000.0
O00431,P090,3,4442000.0
O00431,P059,5,2095000.0
O00431,P074,5,3286000.0
O00431,P024,4,268000.0
O00432,P039,1,197000.0
O00433,P098,5,3999000.0
O00434,P018,1,676000.0
O00434,P060,3,2004000.0
O00434,P043,5,3251000.0
O00435,P016,4,3419000.0
O00435,P063,4,169000.0
O00435,P038,1,1180000.0
O00436,P038,4,4982000.0
O00436,P024,1,268000.0
O00436,P013,5,4455000.0
O00436,P087,5,1235000.0
O00437,P012,5,1343000.0
O00437,P092,5,826000.0
O00437,P052,2,441000.0
O00438,P035,2,2034000.0
O00438,P021,2,1400000.0
O00438,P078,4,1472000.0
O00438,P043,5,3251000.0
O00439,P058,1,3141000.0
O00440,P093,3,2707000.0
O00440,P035,2,2034000.0
O00440,P014,5,596000.0
O00441,P088,3,4955000.0
O00441,P048,4,1507000.0
O00441,P006,3,3589000.0
O00442,P100,5,4842000.0
O00442,P017,1,1043000.0
O00442,P074,2,3286000.0
O00442,P017,3,1043000.0
O00443,P001,5,796000.0
O00443,P003,1,569000.0
O00443,P081,4,3238000.0
O00443,P029,3,137000.0
O00444,P036,1,3635000.0
O00444,P059,2,2095000.0
O00444,P028,2,3299000.0
O00444,P036,4,3635000.0
O00445,P065,2,567000.0
O00445,P072,5,2737000.0
O00446,P001,1,796000.0
O00446,P012,4,1343000.0
O00446,P067,5,1425000.0
O00447,P021,3,1400000.0
O00447,P092,4,826000.0
O00448,P012,2,1343000.0
O00448,P054,1,892000.0
O00449,P070,3,932000.0
O00449,P001,4,796000.0
O00449,P009,1,4708000.0
O00449,P045,5,141000.0
O00450,P012,1,1343000.0
O00451,P001,5,796000.0
O00451,P023,4,415000.0
O00451,P014,1,596000.0
O00452,P024,4,268000.0
O00452,P011,1,407000.0
O00452,P096,3,1486000.0
O00453,P057,1,88000.0
O00453,P073,2,1746000.0
O00454,P006,1,3589000.0
O00454,P060,1,2004000.0
O00455,P076,3,1801000.0
O00455,P088,1,4955000.0
O00455,P001,4,796000.0
O00455,P033,1,3829000.0
O00456,P072,3,2450000.0
O00456,P030,2,989000.0
O00456,P073,5,1746000.0
O00457,P053,5,4333000.0
O00457,P072,5,1797000.0
O00457,P053,3,4333000.0
O00457,P017,5,1043000.0
O00458,P036,4,3635000.0
O00458,P099,1,2795000.0
O00458,P053,1,4333000.0
O00459,P061,2,798000.0
O00459,P040,5,873000.0
O00460,P028,1,3299000.0
O00461,P034,3,421000.0
O00462,P046,5,2288000.0
O00462,P085,5,3072000.0
O00463,P029,2,137000.0
O00463,P009,4,4708000.0
O00463,P038,2,2998000.0
O00463,P057,3,88000.0
O00464,P044,2,685000.0
O00464,P054,5,892000.0
O00465,P052,3,441000.0
O00466,P005,4,2090000.0
O00466,P058,2,3141000.0
O00466,P076,5,1801000.0
O00466,P029,3,137000.0
O00467,P070,5,932000.0
O00467,P025,5,3833000.0
O00467,P039,2,197000.0
O00468,P030,4,989000.0
O00468,P081,3,3238000.0
O00468,P052,2,441000.0
O00469,P043,3,3251000.0
O00470,P058,4,3141000.0
O00471,P091,1,1454000.0
O00471,P051,3,3671000.0
O00471,P058,5,3141000.0
O00472,P046,1,2288000.0
O00472,P047,4,3659000.0
O00472,P021,2,1400000.0
O00473,P094,1,3233000.0
O00473,P077,1,2971000.0
O00474,P099,3,2795000.0
O00474,P014,1,596000.0
O00474,P064,3,1624000.0
O00475,P086,5,601000.0
O00476,P030,1,989000.0
O00477,P013,4,4455000.0
O00478,P013,5,4455000.0
O00478,P088,1,4955000.0
O00478,P019,3,4182000.0
O00478,P038,4,3237000.0
O00479,P088,2,4955000.0
O00480,P082,1,3808000.0
O00480,P052,5,441000.0
O00481,P030,3,989000.0
O00481,P035,1,2034000.0
O00481,P088,2,4955000.0
O00482,P011,2,407000.0
O00483,P057,3,88000.0
O00483,P073,3,1746000.0
O00484,P002,2,3788000.0
O00485,P098,1,3999000.0
O00485,P011,3,407000.0
O00485,P015,3,1829000.0
O00485,P028,2,3299000.0
O00486,P084,5,2331000.0
O00486,P034,4,2833000.0
O00486,P005,4,2090000.0
O00487,P006,4,3589000.0
O00487,P013,4,4455000.0
O00487,P091,2,1454000.0
O00488,P060,5,2004000.0
O00488,P071,1,2693000.0
O00489,P091,5,1454000.0
O00489,P087,3,279000.0
O00489,P030,1,989000.0
O00490,P002,4,3788000.0
O00491,P087,5,1821000.0
O00491,P039,1,197000.0
O00491,P027,5,3321000.0
O00492,P001,3,796000.0
O00493,P017,1,1043000.0
O00493,P028,4,3299000.0
O00493,P006,5,3589000.0
O00494,P009,1,4708000.0
O00494,P070,3,932000.0
O00494,P081,5,3238000.0
O00495,P029,3,137000.0
O00496,P070,3,932000.0
O00496,P045,2,141000.0
O00497,P088,5,4955000.0
O00497,P044,2,685000.0
O00497,P006,3,3589000.0
O00498,P010,1,3273000.0
O00498,P008,4,1552000.0
O00498,P063,5,169000.0
O00498,P074,1,3286000.0
O00499,P051,5,3671000.0
O00500,P071,1,2693000.0
O00500,P010,5,3273000.0
O00500,P050,4,4410000.0
O00500,P062,3,3504000.0
O00501,P100,2,4842000.0
O00502,P065,3,567000.0
O00502,P089,2,884000.0
O00502,P092,2,826000.0
O00502,P085,2,3072000.0
O00503,P040,5,873000.0
O00503,P090,3,4442000.0
O00503,P029,1,137000.0
O00504,P051,4,3671000.0
O00505,P049,2,332000.0
O00505,P043,3,3251000.0
O00505,P002,2,3788000.0
O00505,P021,3,1400000.0
O00506,P010,4,3273000.0
O00507,P049,3,332000.0
O00507,P033,2,3829000.0
O00508,P024,3,268000.0
O00508,P014,4,596000.0
O00508,P069,3,3455000.0
O00508,P024,5,268000.0
O00509,P081,2,3238000.0
O00510,P029,2,137000.0
O00510,P040,3,873000.0
O00511,P009,1,4708000.0
O00512,P074,1,3286000.0
O00513,P087,1,2967000.0
O00513,P082,5,3808000.0
O00513,P072,4,4231000.0
O00514,P032,1,3853000.0
O00514,P020,1,774000.0
O00514,P050,4,4410000.0
O00515,P029,2,137000.0
O00515,P079,1,3344000.0
O00515,P037,3,3906000.0
O00515,P059,3,2095000.0
O00516,P042,5,1574000.0
O00516,P012,2,1343000.0
O00516,P076,5,1801000.0
O00516,P099,4,2795000.0
O00517,P022,4,1748000.0
O00517,P006,2,3589000.0
O00517,P031,4,1168000.0
O00518,P002,2,3788000.0
O00518,P059,3,2095000.0
O00519,P067,2,1425000.0
O00519,P010,3,3273000.0
O00519,P060,4,2004000.0
O00520,P089,5,884000.0
O00521,P001,4,796000.0
O00521,P015,1,1829000.0
O00522,P021,2,1400000.0
O00522,P001,2,796000.0
O00523,P056,2,479000.0
O00523,P013,5,4455000.0
O00524,P009,3,4708000.0
O00524,P068,1,1418000.0
O00525,P093,1,2707000.0
O00525,P088,3,4955000.0
O00525,P073,1,1746000.0
O00525,P056,1,479000.0
O00526,P065,4,567000.0
O00527,P069,3,3455000.0
O00527,P043,5,3251000.0
O00528,P094,5,3233000.0
O00529,P073,4,1746000.0
O00529,P089,4,884000.0
O00529,P022,1,1748000.0
O00530,P072,5,414000.0
O00530,P091,1,1454000.0
O00530,P097,3,2654000.0
O00530,P031,4,1168000.0
O00531,P009,5,4708000.0
O00531,P049,5,332000.0
O00532,P066,5,841000.0
O00532,P062,2,3504000.0
O00533,P043,3,3251000.0
O00533,P007,1,3201000.0
O00533,P066,2,841000.0
O00534,P093,4,2707000.0
O00534,P021,1,1400000.0
O00535,P023,5,415000.0
O00536,P079,3,3344000.0
O00536,P069,2,3455000.0
O00537,P018,2,676000.0
O00537,P008,3,1552000.0
O00538,P036,3,3635000.0
O00539,P036,2,3635000.0
O00539,P094,2,3233000.0
O00539,P096,5,1486000.0
O00539,P096,1,1486000.0
O00540,P054,3,892000.0
O00541,P090,1,4442000.0
O00541,P087,2,156000.0
O00542,P005,2,2090000.0
O00542,P007,3,3201000.0
O00543,P029,2,137000.0
O00543,P017,4,1043000.0
O00544,P046,2,2288000.0
O00544,P090,1,4442000.0
O00544,P032,3,3853000.0
O00544,P092,2,826000.0
O00545,P100,2,4842000.0
O00546,P054,3,892000.0
O00547,P053,3,4333000.0
O00548,P026,1,2865000.0
O00548,P088,1,4955000.0
O00548,P045,5,141000.0
O00548,P030,4,989000.0
O00549,P059,3,2095000.0
O00549,P051,5,3671000.0
O00549,P013,5,4455000.0
O00549,P069,2,3455000.0
O00550,P099,1,2795000.0
O00550,P088,1,4955000.0
O00551,P077,1,2971000.0
O00551,P054,1,892000.0
O00552,P039,4,197000.0
O00552,P078,1,1472000.0
O00552,P021,5,1400000.0
O00552,P096,5,1486000.0
O00553,P016,1,3419000.0
O00553,P034,2,4483000.0
O00554,P009,5,4708000.0
O00554,P050,4,4410000.0
O00554,P021,2,1400000.0
O00555,P026,1,2865000.0
O00556,P063,1,169000.0
O00556,P065,1,567000.0
O00556,P047,4,3659000.0
O00556,P072,3,3471000.0
O00557,P059,1,2095000.0
O00557,P050,2,4410000.0
O00557,P090,4,4442000.0
O00557,P020,1,4722000.0
O00558,P047,3,3659000.0
O00558,P008,3,1552000.0
O00558,P075,3,1039000.0
O00558,P100,3,4842000.0
O00559,P084,1,2331000.0
O00559,P057,4,88000.0
O00559,P051,2,3671000.0
O00560,P078,2,1472000.0
O00560,P092,2,826000.0
O00560,P073,4,1746000.0
O00561,P002,3,3788000.0
O00561,P083,5,590000.0
O00561,P049,2,332000.0
O00562,P025,2,3833000.0
O00562,P022,4,1748000.0
O00562,P018,4,676000.0
O00562,P016,1,3419000.0
O00563,P019,3,4182000.0
O00563,P028,4,3299000.0
O00563,P086,2,601000.0
O00564,P084,5,2331000.0
O00564,P090,3,4442000.0
O00564,P035,2,2034000.0
O00565,P087,5,4254000.0
O00566,P069,4,3455000.0
O00567,P095,5,1138000.0
O00568,P019,2,4182000.0
O00568,P093,3,2707000.0
O00568,P092,1,826000.0
O00568,P085,5,3072000.0
O00569,P034,2,1696000.0
O00569,P072,3,2011000.0
O00569,P018,3,676000.0
O00569,P059,2,2095000.0
O00570,P086,1,601000.0
O00570,P047,5,3659000.0
O00570,P031,2,1168000.0
O00571,P034,2,334000.0
O00571,P089,2,884000.0
O00572,P011,3,407000.0
O00573,P052,1,441000.0
O00573,P100,4,4842000.0
O00574,P064,3,1624000.0
O00574,P059,4,2095000.0
O00574,P076,3,1801000.0
O00575,P026,3,2865000.0
O00575,P031,4,1168000.0
O00575,P048,5,1507000.0
O00576,P035,4,2034000.0
O00576,P050,5,4410000.0
O00576,P100,5,4842000.0
O00576,P049,1,332000.0
O00577,P027,3,3321000.0
O00577,P017,1,1043000.0
O00577,P023,3,415000.0
O00577,P037,3,3906000.0
O00578,P069,1,3455000.0
O00579,P080,3,2640000.0
O00579,P066,1,841000.0
O00579,P044,2,685000.0
O00580,P077,2,2971000.0
O00580,P042,3,4766000.0
O00580,P049,4,332000.0
O00580,P039,4,197000.0
O00581,P015,2,1829000.0
O00581,P002,4,3788000.0
O00582,P018,2,676000.0
O00582,P048,5,1507000.0
O00582,P016,3,3419000.0
O00583,P050,1,4410000.0
O00583,P037,1,3906000.0
O00584,P084,5,2331000.0
O00584,P075,2,1039000.0
O00584,P032,2,3853000.0
O00585,P015,3,1829000.0
O00585,P100,3,4842000.0
O00585,P040,2,873000.0
O00585,P092,1,826000.0
O00586,P073,4,1746000.0
O00586,P029,4,137000.0
O00586,P029,1,137000.0
O00586,P088,1,4955000.0
O00587,P069,1,3455000.0
O00588,P068,3,1418000.0
O00588,P022,2,1748000.0
O00588,P016,1,3419000.0
O00588,P048,5,1507000.0
O00589,P012,5,1343000.0
O00589,P036,3,3635000.0
O00589,P021,2,1400000.0
O00589,P047,3,3659000.0
O00590,P056,5,479000.0
O00590,P059,3,2095000.0
O00591,P088,4,4955000.0
O00591,P007,1,3201000.0
O00591,P064,2,1624000.0
O00593,P044,2,685000.0
O00593,P029,4,137000.0
O00593,P060,4,2004000.0
O00593,P017,5,1043000.0
O00594,P052,3,441000.0
O00594,P053,2,4333000.0
O00594,P025,4,3833000.0
O00594,P001,1,796000.0
O00595,P008,1,1552000.0
O00595,P098,3,3999000.0
O00595,P020,4,4449000.0
O00596,P004,3,2716000.0
O00597,P005,1,2090000.0
O00598,P062,2,3504000.0
O00598,P094,2,3233000.0
O00599,P040,2,873000.0
O00600,P060,2,2004000.0
O00600,P016,4,3419000.0
O00600,P004,5,2516000.0
O00601,P074,1,3286000.0
O00601,P099,2,2795000.0
O00602,P068,1,1418000.0
O00602,P064,2,1624000.0
O00602,P005,2,2090000.0
O00603,P080,3,2640000.0
O00603,P045,2,141000.0
O00603,P067,4,1425000.0
O00603,P023,1,415000.0
O00604,P074,4,3286000.0
O00604,P032,3,3853000.0
O00605,P093,3,2707000.0
O00605,P079,3,3344000.0
O00606,P031,2,1168000.0
O00606,P022,2,1748000.0
O00607,P030,5,989000.0
O00607,P025,5,3833000.0
O00607,P078,5,1472000.0
O00607,P023,1,415000.0
O00608,P047,4,3659000.0
O00608,P089,2,884000.0
O00608,P046,2,2288000.0
O00609,P030,4,989000.0
O00609,P055,1,2575000.0
O00610,P005,4,2090000.0
O00610,P051,1,3671000.0
O00610,P007,5,3201000.0
O00611,P006,5,3589000.0
O00611,P024,4,268000.0
O00611,P078,4,1472000.0
O00611,P016,5,3419000.0
O00612,P026,4,2865000.0
O00612,P005,1,2090000.0
O00613,P063,1,169000.0
O00614,P051,1,3671000.0
O00614,P046,5,2288000.0
O00615,P072,5,1548000.0
O00615,P091,1,1454000.0
O00616,P086,4,601000.0
O00616,P091,3,1454000.0
O00616,P069,3,3455000.0
O00616,P100,4,4842000.0
O00617,P026,3,2865000.0
O00617,P057,3,88000.0
O00617,P017,2,1043000.0
O00617,P027,2,3321000.0
O00618,P019,2,4182000.0
O00618,P092,5,826000.0
O00619,P082,1,3808000.0
O00620,P033,2,3829000.0
O00620,P045,5,141000.0
O00620,P086,5,601000.0
O00621,P092,2,826000.0
O00621,P023,3,415000.0
O00622,P008,4,1552000.0
O00622,P024,5,268000.0
O00622,P044,2,685000.0
O00622,P048,1,1507000.0
O00623,P032,4,3853000.0
O00623,P083,1,590000.0
O00623,P069,1,3455000.0
O00624,P051,4,3671000.0
O00624,P036,1,3635000.0
O00624,P031,1,1168000.0
O00625,P086,3,601000.0
O00625,P030,5,989000.0
O00625,P040,1,873000.0
O00625,P084,5,2331000.0
O00626,P020,1,637000.0
O00626,P029,4,137000.0
O00626,P023,4,415000.0
O00627,P066,3,841000.0
O00628,P030,5,989000.0
O00628,P093,4,2707000.0
O00628,P085,3,3072000.0
O00628,P050,1,4410000.0
O00629,P094,3,3233000.0
O00629,P061,1,798000.0
O00629,P047,3,3659000.0
O00630,P073,1,1746000.0
O00630,P023,1,415000.0
O00630,P048,1,1507000.0
O00631,P093,3,2707000.0
O00631,P010,1,3273000.0
O00631,P073,3,1746000.0
O00631,P043,4,3251000.0
O00632,P003,5,798000.0
O00632,P074,4,3286000.0
O00632,P076,2,1801000.0
O00633,P058,5,3141000.0
O00633,P064,3,1624000.0
O00633,P024,1,268000.0
O00634,P001,2,796000.0
O00634,P003,3,1432000.0
O00634,P056,2,479000.0
O00634,P086,1,601000.0
O00635,P080,4,2640000.0
O00636,P018,1,676000.0
O00637,P040,1,873000.0
O00637,P026,5,2865000.0
O00638,P097,4,2654000.0
O00638,P080,4,2640000.0
O00639,P069,5,3455000.0
O00639,P083,4,590000.0
O00639,P052,1,441000.0
O00639,P073,5,1746000.0
O00640,P028,1,3299000.0
O00640,P022,4,1748000.0
O00640,P063,4,169000.0
O00640,P030,1,989000.0
O00641,P017,4,1043000.0
O00641,P084,4,2331000.0
O00642,P059,3,2095000.0
O00643,P084,5,2331000.0
O00643,P054,3,892000.0
O00643,P031,2,1168000.0
O00643,P081,5,3238000.0
O00644,P026,1,2865000.0
O00644,P078,1,1472000.0
O00644,P081,4,3238000.0
O00645,P040,2,873000.0
O00645,P004,5,4786000.0
O00645,P082,3,3808000.0
O00646,P030,1,989000.0
O00646,P019,1,4182000.0
O00647,P016,5,3419000.0
O00647,P009,3,4708000.0
O00648,P100,3,4842000.0
O00649,P049,3,332000.0
O00649,P037,5,3906000.0
O00649,P082,4,3808000.0
O00649,P037,4,3906000.0
O00650,P092,1,826000.0
O00651,P018,4,676000.0
O00652,P051,3,3671000.0
O00652,P086,4,601000.0
O00652,P064,4,1624000.0
O00653,P074,4,3286000.0
O00653,P076,4,1801000.0
O00653,P040,1,873000.0
O00654,P026,4,2865000.0
O00654,P045,4,141000.0
O00654,P089,1,884000.0
O00654,P033,3,3829000.0
O00655,P003,4,2051000.0
O00656,P041,2,2459000.0
O00656,P061,2,798000.0
O00656,P005,5,2090000.0
O00657,P035,5,2034000.0
O00657,P055,5,2575000.0
O00657,P024,4,268000.0
O00657,P057,1,88000.0
O00658,P082,5,3808000.0
O00659,P018,5,676000.0
O00659,P090,4,4442000.0
O00659,P029,3,137000.0
O00660,P007,3,3201000.0
O00660,P076,4,1801000.0
O00661,P023,3,415000.0
O00662,P015,2,1829000.0
O00662,P068,2,1418000.0
O00662,P060,4,2004000.0
O00663,P055,3,2575000.0
O00663,P031,1,1168000.0
O00664,P079,3,3344000.0
O00664,P068,5,1418000.0
O00664,P072,5,2797000.0
O00665,P045,3,141000.0
O00665,P053,4,4333000.0
O00665,P032,3,3853000.0
O00665,P043,3,3251000.0
O00666,P096,2,1486000.0
O00666,P040,3,873000.0
O00666,P010,3,3273000.0
O00667,P051,5,3671000.0
O00668,P097,5,2654000.0
O00668,P032,3,3853000.0
O00669,P075,4,1039000.0
O00669,P037,2,3906000.0
O00669,P074,3,3286000.0
O00670,P034,1,4357000.0
O00670,P098,5,3999000.0
O00670,P022,2,1748000.0
O00670,P029,1,137000.0
O00671,P065,4,567000.0
O00671,P017,5,1043000.0
O00671,P093,4,2707000.0
O00672,P074,5,3286000.0
O00672,P083,5,590000.0
O00673,P013,2,4455000.0
O00673,P021,1,1400000.0
O00673,P002,5,3788000.0
O00674,P017,1,1043000.0
O00674,P089,2,884000.0
O00674,P015,4,1829000.0
O00674,P098,1,3999000.0
O00675,P042,3,4298000.0
O00675,P045,2,141000.0
O00675,P037,4,3906000.0
O00675,P048,3,1507000.0
O00676,P075,2,1039000.0
O00676,P100,2,4842000.0
O00676,P005,2,2090000.0
O00676,P002,1,3788000.0
O00677,P036,5,3635000.0
O00677,P056,3,479000.0
O00677,P049,1,332000.0
O00678,P093,5,2707000.0
O00678,P029,5,137000.0
O00679,P004,2,2964000.0
O00680,P018,1,676000.0
O00681,P094,4,3233000.0
O00681,P043,4,3251000.0
O00682,P068,5,1418000.0
O00682,P051,2,3671000.0
O00682,P043,5,3251000.0
O00683,P081,4,3238000.0
O00683,P001,5,796000.0
O00683,P056,1,479000.0
O00684,P009,3,4708000.0
O00684,P091,3,1454000.0
O00685,P025,3,3833000.0
O00685,P090,3,4442000.0
O00685,P051,4,3671000.0
O00686,P011,1,407000.0
O00686,P029,5,137000.0
O00688,P007,2,3201000.0
O00688,P038,2,1610000.0
O00688,P053,2,4333000.0
O00689,P005,2,2090000.0
O00689,P025,3,3833000.0
O00690,P038,2,2221000.0
O00690,P053,2,4333000.0
O00690,P084,1,2331000.0
O00690,P003,3,1950000.0
O00691,P092,5,826000.0
O00691,P054,5,892000.0
O00691,P095,4,1138000.0
O00691,P070,1,932000.0
O00692,P071,3,2693000.0
O00693,P073,3,1746000.0
O00693,P049,5,332000.0
O00694,P020,1,4041000.0
O00695,P037,1,3906000.0
O00695,P060,3,2004000.0
O00695,P025,1,3833000.0
O00695,P039,2,197000.0
O00696,P008,2,1552000.0
O00696,P030,5,989000.0
O00696,P047,1,3659000.0
O00697,P021,5,1400000.0
O00697,P079,3,3344000.0
O00698,P051,3,3671000.0
O00698,P024,4,268000.0
O00698,P097,3,2654000.0
O00698,P094,2,3233000.0
O00699,P026,2,2865000.0
O00699,P067,2,1425000.0
O00700,P002,2,3788000.0
O00700,P003,2,2754000.0
O00701,P074,1,3286000.0
O00701,P028,2,3299000.0
O00701,P002,2,3788000.0
O00701,P003,2,1666000.0
O00702,P053,4,4333000.0
O00702,P057,1,88000.0
O00702,P094,1,3233000.0
O00703,P059,3,2095000.0
O00703,P002,4,3788000.0
O00703,P055,2,2575000.0
O00703,P100,4,4842000.0
O00704,P097,3,2654000.0
O00704,P032,1,3853000.0
O00704,P023,3,415000.0
O00705,P027,1,3321000.0
O00705,P011,2,407000.0
O00705,P030,5,989000.0
O00706,P063,2,169000.0
O00706,P031,1,1168000.0
O00706,P028,3,3299000.0
O00707,P006,2,3589000.0
O00707,P070,3,932000.0
O00708,P009,5,4708000.0
O00708,P095,1,1138000.0
O00708,P012,4,1343000.0
O00708,P092,2,826000.0
O00709,P085,2,3072000.0
O00709,P038,1,3108000.0
O00710,P057,4,88000.0
O00711,P085,5,3072000.0
O00711,P060,1,2004000.0
O00711,P061,4,798000.0
O00712,P034,4,917000.0
O00712,P080,5,2640000.0
O00712,P024,3,268000.0
O00713,P050,3,4410000.0
O00714,P069,4,3455000.0
O00714,P020,4,1265000.0
O00715,P065,1,567000.0
O00715,P024,2,268000.0
O00715,P041,5,2459000.0
O00716,P075,3,1039000.0
O00717,P051,5,3671000.0
O00717,P037,3,3906000.0
O00717,P065,2,567000.0
O00717,P032,4,3853000.0
O00718,P081,2,3238000.0
O00718,P058,5,3141000.0
O00719,P024,1,268000.0
O00720,P011,1,407000.0
O00720,P007,1,3201000.0
O00721,P066,1,841000.0
O00721,P031,3,1168000.0
O00721,P089,5,884000.0
O00721,P054,5,892000.0
O00722,P086,1,601000.0
O00723,P007,4,3201000.0
O00723,P038,1,1897000.0
O00723,P077,2,2971000.0
O00723,P046,1,2288000.0
O00724,P089,3,884000.0
O00724,P023,5,415000.0
O00724,P041,1,2459000.0
O00725,P014,2,596000.0
O00725,P023,2,415000.0
O00725,P064,4,1624000.0
O00725,P096,3,1486000.0
O00726,P029,5,137000.0
O00726,P059,2,2095000.0
O00727,P003,3,2419000.0
O00727,P020,2,975000.0
O00728,P023,4,415000.0
O00728,P087,3,2185000.0
O00728,P076,4,1801000.0
O00728,P025,2,3833000.0
O00729,P089,5,884000.0
O00730,P026,3,2865000.0
O00730,P038,3,3677000.0
O00731,P040,5,873000.0
O00732,P066,5,841000.0
O00732,P075,3,1039000.0
O00732,P002,3,3788000.0
O00732,P060,1,2004000.0
O00733,P002,3,3788000.0
O00733,P079,4,3344000.0
O00734,P010,5,3273000.0
O00734,P099,3,2795000.0
O00734,P025,4,3833000.0
O00735,P033,5,3829000.0
O00735,P090,2,4442000.0
O00735,P051,4,3671000.0
O00735,P082,2,3808000.0
O00736,P077,3,2971000.0
O00736,P054,2,892000.0
O00737,P024,4,268000.0
O00737,P064,4,1624000.0
O00737,P041,2,2459000.0
O00738,P046,5,2288000.0
O00738,P020,1,3477000.0
O00739,P052,3,441000.0
O00740,P019,5,4182000.0
O00741,P004,3,4741000.0
O00741,P093,2,2707000.0
O00742,P076,3,1801000.0
O00742,P015,1,1829000.0
O00743,P099,4,2795000.0
O00743,P028,1,3299000.0
O00743,P020,5,2652000.0
O00744,P097,5,2654000.0
O00744,P052,2,441000.0
O00744,P056,2,479000.0
O00745,P086,2,601000.0
O00745,P083,4,590000.0
O00745,P023,5,415000.0
O00745,P093,3,2707000.0
O00746,P006,4,3589000.0
O00746,P049,1,332000.0
O00747,P085,3,3072000.0
O00747,P080,5,2640000.0
O00747,P004,5,2832000.0
O00748,P025,2,3833000.0
O00749,P029,5,137000.0
O00750,P006,3,3589000.0
O00751,P091,2,1454000.0
O00751,P009,1,4708000.0
O00752,P020,1,1466000.0
O00752,P010,3,3273000.0
O00753,P066,1,841000.0
O00753,P092,3,826000.0
O00753,P069,2,3455000.0
O00754,P070,4,932000.0
O00754,P069,4,3455000.0
O00754,P052,3,441000.0
O00754,P002,1,3788000.0
O00755,P068,3,1418000.0
O00756,P072,5,529000.0
O00756,P050,3,4410000.0
O00756,P040,2,873000.0
O00757,P006,4,3589000.0
O00758,P073,5,1746000.0
O00758,P064,4,1624000.0
O00759,P032,3,3853000.0
O00759,P067,3,1425000.0
O00759,P100,4,4842000.0
O00759,P082,4,3808000.0
O00760,P052,3,441000.0
O00760,P100,1,4842000.0
O00760,P077,4,2971000.0
O00761,P028,3,3299000.0
O00761,P085,2,3072000.0
O00762,P079,2,3344000.0
O00763,P019,2,4182000.0
O00763,P010,2,3273000.0
O00763,P024,1,268000.0
O00763,P040,1,873000.0
O00764,P037,2,3906000.0
O00765,P069,2,3455000.0
O00765,P015,3,1829000.0
O00765,P094,4,3233000.0
O00766,P012,4,1343000.0
O00767,P020,4,4867000.0
O00767,P079,5,3344000.0
O00767,P079,3,3344000.0
O00767,P074,5,3286000.0
O00768,P084,2,2331000.0
O00769,P015,5,1829000.0
O00769,P003,1,1846000.0
O00770,P055,4,2575000.0
O00770,P003,2,67000.0
O00770,P008,1,1552000.0
O00770,P045,2,141000.0
O00771,P070,3,932000.0
O00771,P025,5,3833000.0
O00772,P025,1,3833000.0
O00772,P001,3,796000.0
O00772,P081,1,3238000.0
O00772,P042,2,2263000.0
O00773,P068,2,1418000.0
O00773,P071,1,2693000.0
O00774,P071,2,2693000.0
O00774,P054,5,892000.0
O00774,P022,5,1748000.0
O00775,P008,4,1552000.0
O00776,P069,4,3455000.0
O00776,P021,4,1400000.0
O00776,P097,4,2654000.0
O00776,P032,2,3853000.0
O00777,P072,2,4159000.0
O00777,P079,4,3344000.0
O00778,P028,4,3299000.0
O00778,P053,1,4333000.0
O00779,P082,1,3808000.0
O00779,P081,5,3238000.0
O00779,P097,4,2654000.0
O00780,P051,4,3671000.0
O00780,P014,2,596000.0
O00781,P071,3,2693000.0
O00781,P100,1,4842000.0
O00781,P001,1,796000.0
O00781,P025,2,3833000.0
O00782,P026,2,2865000.0
O00782,P092,5,826000.0
O00783,P013,5,4455000.0
O00783,P066,2,841000.0
O00784,P024,4,268000.0
O00784,P095,5,1138000.0
O00784,P094,1,3233000.0
O00785,P042,1,3376000.0
O00785,P062,4,3504000.0
O00785,P050,1,4410000.0
O00785,P084,1,2331000.0
O00786,P097,3,2654000.0
O00786,P075,2,1039000.0
O00786,P001,5,796000.0
O00786,P067,1,1425000.0
O00787,P032,1,3853000.0
O00787,P080,2,2640000.0
O00787,P060,5,2004000.0
O00788,P053,1,4333000.0
O00788,P059,5,2095000.0
O00788,P089,1,884000.0
O00788,P046,5,2288000.0
O00789,P075,5,1039000.0
O00789,P083,2,590000.0
O00789,P070,3,932000.0
O00789,P045,4,141000.0
O00790,P095,1,1138000.0
O00790,P092,2,826000.0
O00791,P049,3,332000.0
O00791,P090,4,4442000.0
O00791,P069,4,3455000.0
O00791,P098,2,3999000.0
O00792,P074,1,3286000.0
O00792,P018,3,676000.0
O00792,P058,2,3141000.0
O00793,P079,5,3344000.0
O00793,P076,5,1801000.0
O00793,P021,3,1400000.0
O00794,P029,5,137000.0
O00794,P035,4,2034000.0
O00794,P081,1,3238000.0
O00795,P095,3,1138000.0
O00795,P018,5,676000.0
O00795,P078,1,1472000.0
O00795,P057,3,88000.0
O00796,P019,5,4182000.0
O00796,P053,4,4333000.0
O00796,P076,3,1801000.0
O00796,P009,4,4708000.0
O00797,P063,1,169000.0
O00797,P072,1,4582000.0
O00797,P077,4,2971000.0
O00797,P040,4,873000.0
O00798,P072,3,4727000.0
O00798,P037,4,3906000.0
O00798,P036,1,3635000.0
O00799,P078,5,1472000.0
O00799,P039,1,197000.0
O00800,P060,2,2004000.0
O00800,P037,4,3906000.0
O00800,P067,3,1425000.0
O00800,P027,4,3321000.0
O00801,P049,3,332000.0
O00802,P034,3,2638000.0
O00803,P078,2,1472000.0
O00804,P002,3,3788000.0
O00804,P022,1,1748000.0
O00804,P005,2,2090000.0
O00804,P052,2,441000.0
O00805,P006,4,3589000.0
O00805,P052,3,441000.0
O00805,P071,5,2693000.0
O00805,P008,1,1552000.0
O00806,P035,5,2034000.0
O00806,P033,3,3829000.0
O00807,P099,2,2795000.0
O00808,P072,5,4745000.0
O00809,P086,1,601000.0
O00809,P043,4,3251000.0
O00810,P086,5,601000.0
O00810,P071,2,2693000.0
O00810,P080,5,2640000.0
O00811,P034,1,4582000.0
O00811,P045,4,141000.0
O00811,P031,1,1168000.0
O00811,P020,4,3085000.0
O00812,P007,1,3201000.0
O00813,P006,3,3589000.0
O00813,P093,4,2707000.0
O00814,P014,5,596000.0
O00814,P100,5,4842000.0
O00814,P046,2,2288000.0
O00814,P003,3,3223000.0
O00815,P013,5,4455000.0
O00815,P034,5,1619000.0
O00815,P057,5,88000.0
O00816,P056,4,479000.0
O00816,P073,1,1746000.0
O00816,P065,4,567000.0
O00817,P084,1,2331000.0
O00818,P021,4,1400000.0
O00818,P083,1,590000.0
O00818,P004,1,1721000.0
O00818,P055,3,2575000.0
O00819,P007,2,3201000.0
O00820,P038,3,2114000.0
O00820,P017,5,1043000.0
O00820,P077,1,2971000.0
O00821,P062,3,3504000.0
O00821,P086,3,601000.0
O00821,P055,5,2575000.0
O00821,P052,3,441000.0
O00822,P039,1,197000.0
O00822,P049,2,332000.0
O00823,P015,3,1829000.0
O00823,P045,5,141000.0
O00824,P062,2,3504000.0
O00824,P041,4,2459000.0
O00824,P099,2,2795000.0
O00824,P024,2,268000.0
O00825,P078,1,1472000.0
O00826,P031,2,1168000.0
O00826,P082,3,3808000.0
O00826,P057,1,88000.0
O00827,P064,3,1624000.0
O00827,P062,4,3504000.0
O00827,P039,5,197000.0
O00828,P088,3,4955000.0
O00828,P048,5,1507000.0
O00828,P029,5,137000.0
O00829,P042,2,839000.0
O00829,P030,5,989000.0
O00829,P029,3,137000.0
O00829,P001,4,796000.0
O00830,P018,3,676000.0
O00831,P094,3,3233000.0
O00831,P028,1,3299000.0
O00831,P022,5,1748000.0
O00832,P001,2,796000.0
O00833,P017,2,1043000.0
O00833,P012,1,1343000.0
O00833,P092,4,826000.0
O00833,P031,2,1168000.0
O00834,P064,2,1624000.0
O00834,P055,3,2575000.0
O00834,P069,5,3455000.0
O00834,P094,2,3233000.0
O00835,P072,3,2681000.0
O00835,P071,3,2693000.0
O00835,P022,2,1748000.0
O00836,P022,3,1748000.0
O00836,P018,3,676000.0
O00836,P013,4,4455000.0
O00837,P065,3,567000.0
O00838,P048,5,1507000.0
O00838,P011,4,407000.0
O00838,P009,1,4708000.0
O00838,P044,1,685000.0
O00839,P047,3,3659000.0
O00840,P034,4,3770000.0
O00841,P035,4,2034000.0
O00841,P030,3,989000.0
O00841,P082,2,3808000.0
O00842,P099,2,2795000.0
O00842,P039,4,197000.0
O00842,P068,3,1418000.0
O00843,P060,1,2004000.0
O00844,P075,3,1039000.0
O00844,P090,5,4442000.0
O00844,P059,2,2095000.0
O00845,P038,5,1714000.0
O00845,P005,3,2090000.0
O00845,P030,4,989000.0
O00846,P029,2,137000.0
O00847,P068,2,1418000.0
O00848,P011,1,407000.0
O00848,P089,2,884000.0
O00848,P031,5,1168000.0
O00848,P077,2,2971000.0
O00849,P005,5,2090000.0
O00849,P061,5,798000.0
O00849,P069,2,3455000.0
O00849,P072,1,2938000.0
O00850,P062,5,3504000.0
O00850,P061,2,798000.0
O00851,P037,5,3906000.0
O00852,P024,3,268000.0
O00852,P088,1,4955000.0
O00852,P041,2,2459000.0
O00852,P016,4,3419000.0
O00853,P053,3,4333000.0
O00853,P085,2,3072000.0
O00853,P042,2,4003000.0
O00854,P013,5,4455000.0
O00855,P046,4,2288000.0
O00856,P025,3,3833000.0
O00856,P036,4,3635000.0
O00856,P064,1,1624000.0
O00856,P095,4,1138000.0
O00857,P096,4,1486000.0
O00857,P021,5,1400000.0
O00857,P051,5,3671000.0
O00857,P009,3,4708000.0
O00858,P027,4,3321000.0
O00858,P018,5,676000.0
O00859,P049,4,332000.0
O00859,P034,3,481000.0
O00859,P079,5,3344000.0
O00860,P089,1,884000.0
O00861,P007,5,3201000.0
O00862,P062,2,3504000.0
O00862,P074,1,3286000.0
O00862,P069,2,3455000.0
O00863,P021,1,1400000.0
O00863,P091,1,1454000.0
O00863,P070,5,932000.0
O00864,P085,5,3072000.0
O00864,P038,3,1444000.0
O00864,P084,3,2331000.0
O00864,P050,3,4410000.0
O00865,P080,5,2640000.0
O00865,P093,4,2707000.0
O00865,P075,3,1039000.0
O00866,P022,5,1748000.0
O00866,P048,4,1507000.0
O00866,P043,5,3251000.0
O00866,P045,5,141000.0
O00867,P076,1,1801000.0
O00868,P019,1,4182000.0
O00868,P057,5,88000.0
O00869,P094,5,3233000.0
O00869,P078,1,1472000.0
O00869,P018,3,676000.0
O00869,P068,5,1418000.0
O00870,P082,5,3808000.0
O00870,P058,1,3141000.0
O00871,P002,3,3788000.0
O00871,P097,5,2654000.0
O00871,P068,3,1418000.0
O00871,P034,3,860000.0
O00872,P027,4,3321000.0
O00872,P064,2,1624000.0
O00872,P067,4,1425000.0
O00873,P011,2,407000.0
O00874,P082,1,3808000.0
O00874,P027,5,3321000.0
O00875,P097,4,2654000.0
O00875,P069,1,3455000.0
O00875,P100,1,4842000.0
O00876,P079,4,3344000.0
O00876,P069,1,3455000.0
O00877,P044,5,685000.0
O00877,P002,1,3788000.0
O00877,P095,5,1138000.0
O00878,P014,4,596000.0
O00878,P060,5,2004000.0
O00879,P048,3,1507000.0
O00880,P072,4,3514000.0
O00880,P075,2,1039000.0
O00881,P048,1,1507000.0
O00881,P081,3,3238000.0
O00883,P099,3,2795000.0
O00884,P017,4,1043000.0
O00884,P003,1,1048000.0
O00885,P075,1,1039000.0
O00885,P002,2,3788000.0
O00886,P074,4,3286000.0
O00886,P040,2,873000.0
O00887,P045,1,141000.0
O00887,P032,4,3853000.0
O00887,P006,5,3589000.0
O00888,P089,5,884000.0
O00889,P069,1,3455000.0
O00889,P065,1,567000.0
O00889,P006,3,3589000.0
O00890,P008,2,1552000.0
O00890,P039,2,197000.0
O00890,P092,4,826000.0
O00891,P052,1,441000.0
O00891,P044,5,685000.0
O00892,P027,4,3321000.0
O00892,P097,4,2654000.0
O00892,P018,4,676000.0
O00892,P011,2,407000.0
O00893,P066,5,841000.0
O00893,P052,5,441000.0
O00893,P032,2,3853000.0
O00894,P031,5,1168000.0
O00894,P008,1,1552000.0
O00894,P081,3,3238000.0
O00895,P097,4,2654000.0
O00895,P012,3,1343000.0
O00895,P082,3,3808000.0
O00896,P086,2,601000.0
O00896,P012,3,1343000.0
O00896,P050,4,4410000.0
O00896,P031,5,1168000.0
O00897,P073,2,1746000.0
O00897,P046,3,2288000.0
O00897,P015,1,1829000.0
O00897,P049,3,332000.0
O00898,P051,5,3671000.0
O00898,P006,2,3589000.0
O00899,P061,4,798000.0
O00899,P024,4,268000.0
O00900,P021,5,1400000.0
O00901,P099,4,2795000.0
O00901,P053,1,4333000.0
O00901,P044,2,685000.0
O00901,P038,2,4319000.0
O00902,P049,3,332000.0
O00903,P009,4,4708000.0
O00903,P010,1,3273000.0
O00903,P014,5,596000.0
O00904,P042,2,2792000.0
O00904,P069,3,3455000.0
O00904,P053,3,4333000.0
O00904,P006,3,3589000.0
O00905,P005,2,2090000.0
O00906,P018,4,676000.0
O00907,P002,3,3788000.0
O00907,P019,4,4182000.0
O00908,P027,4,3321000.0
O00908,P018,5,676000.0
O00908,P014,3,596000.0
O00908,P082,3,3808000.0
O00909,P059,1,2095000.0
O00909,P068,5,1418000.0
O00909,P030,5,989000.0
O00910,P028,1,3299000.0
O00910,P074,4,3286000.0
O00910,P074,1,3286000.0
O00911,P064,4,1624000.0
O00911,P034,5,79000.0
O00911,P073,2,1746000.0
O00911,P023,5,415000.0
O00912,P079,5,3344000.0
O00912,P059,3,2095000.0
O00912,P041,3,2459000.0
O00913,P091,2,1454000.0
O00914,P069,4,3455000.0
O00914,P018,4,676000.0
O00914,P016,4,3419000.0
O00915,P026,1,2865000.0
O00915,P083,4,590000.0
O00915,P071,5,2693000.0
O00916,P014,4,596000.0
O00917,P100,1,4842000.0
O00917,P026,3,2865000.0
O00917,P027,5,3321000.0
O00918,P065,4,567000.0
O00919,P071,4,2693000.0
O00919,P057,3,88000.0
O00920,P094,2,3233000.0
O00920,P028,4,3299000.0
O00921,P098,4,3999000.0
O00921,P058,1,3141000.0
O00921,P033,1,3829000.0
O00922,P092,1,826000.0
O00922,P078,1,1472000.0
O00924,P003,2,4514000.0
O00924,P017,4,1043000.0
O00924,P018,3,676000.0
O00924,P034,2,373000.0
O00925,P009,2,4708000.0
O00925,P030,1,989000.0
O00925,P079,1,3344000.0
O00926,P058,4,3141000.0
O00926,P018,1,676000.0
O00926,P035,3,2034000.0
O00927,P003,1,4102000.0
O00928,P013,5,4455000.0
O00928,P028,2,3299000.0
O00928,P035,3,2034000.0
O00929,P071,1,2693000.0
O00929,P008,5,1552000.0
O00930,P092,5,826000.0
O00930,P040,1,873000.0
O00930,P082,2,3808000.0
O00930,P019,3,4182000.0
O00931,P004,5,4621000.0
O00931,P061,2,798000.0
O00931,P096,4,1486000.0
O00932,P027,2,3321000.0
O00932,P023,3,415000.0
O00932,P011,4,407000.0
O00932,P039,2,197000.0
O00933,P038,1,2221000.0
O00933,P089,2,884000.0
O00934,P054,1,892000.0
O00934,P014,5,596000.0
O00935,P005,2,2090000.0
O00936,P049,5,332000.0
O00936,P056,1,479000.0
O00936,P089,4,884000.0
O00937,P007,4,3201000.0
O00937,P002,2,3788000.0
O00938,P058,2,3141000.0
O00938,P008,2,1552000.0
O00938,P100,1,4842000.0
O00938,P005,5,2090000.0
O00939,P100,2,4842000.0
O00939,P051,4,3671000.0
O00939,P093,2,2707000.0
O00940,P074,3,3286000.0
O00941,P053,5,4333000.0
O00941,P075,1,1039000.0
O00942,P044,4,685000.0
O00943,P078,3,1472000.0
O00943,P004,1,834000.0
O00943,P064,2,1624000.0
O00943,P018,3,676000.0
O00944,P004,4,1821000.0
O00945,P012,2,1343000.0
O00945,P097,1,2654000.0
O00945,P084,4,2331000.0
O00945,P022,2,1748000.0
O00946,P014,2,596000.0
O00947,P073,1,1746000.0
O00947,P096,5,1486000.0
O00947,P061,1,798000.0
O00947,P084,4,2331000.0
O00948,P019,2,4182000.0
O00948,P016,1,3419000.0
O00948,P033,3,3829000.0
O00948,P091,3,1454000.0
O00949,P015,4,1829000.0
O00949,P015,5,1829000.0
O00949,P022,5,1748000.0
O00949,P009,4,4708000.0
O00950,P059,3,2095000.0
O00951,P032,4,3853000.0
O00951,P007,2,3201000.0
O00951,P029,3,137000.0
O00952,P017,2,1043000.0
O00952,P047,2,3659000.0
O00952,P012,4,1343000.0
O00953,P019,3,4182000.0
O00954,P028,5,3299000.0
O00954,P035,1,2034000.0
O00955,P094,1,3233000.0
O00955,P075,3,1039000.0
O00956,P095,4,1138000.0
O00956,P061,2,798000.0
O00956,P049,5,332000.0
O00957,P027,2,3321000.0
O00958,P083,3,590000.0
O00958,P041,1,2459000.0
O00958,P029,2,137000.0
O00958,P061,4,798000.0
O00960,P093,5,2707000.0
O00960,P004,2,2264000.0
O00960,P045,3,141000.0
O00961,P015,4,1829000.0
O00961,P005,2,2090000.0
O00961,P014,1,596000.0
O00962,P041,5,2459000.0
O00963,P022,4,1748000.0
O00964,P097,3,2654000.0
O00964,P094,5,3233000.0
O00964,P069,4,3455000.0
O00964,P033,4,3829000.0
O00965,P066,4,841000.0
O00965,P017,2,1043000.0
O00965,P060,4,2004000.0
O00965,P008,1,1552000.0
O00966,P040,4,873000.0
O00966,P034,1,4237000.0
O00966,P096,2,1486000.0
O00967,P085,5,3072000.0
O00967,P012,5,1343000.0
O00967,P015,5,1829000.0
O00967,P005,4,2090000.0
O00968,P080,5,2640000.0
O00968,P017,1,1043000.0
O00968,P056,3,479000.0
O00969,P007,4,3201000.0
O00970,P051,5,3671000.0
O00970,P094,2,3233000.0
O00971,P042,2,2332000.0
O00971,P070,3,932000.0
O00972,P035,4,2034000.0
O00972,P006,5,3589000.0
O00972,P021,1,1400000.0
O00972,P029,5,137000.0
O00973,P041,3,2459000.0
O00973,P056,2,479000.0
O00973,P019,1,4182000.0
O00973,P022,1,1748000.0
O00974,P026,4,2865000.0
O00974,P088,2,4955000.0
O00975,P046,3,2288000.0
O00976,P027,2,3321000.0
O00977,P008,1,1552000.0
O00978,P071,5,2693000.0
O00979,P032,3,3853000.0
O00979,P096,4,1486000.0
O00979,P059,2,2095000.0
O00979,P076,1,1801000.0
O00980,P001,5,796000.0
O00981,P016,3,3419000.0
O00982,P052,1,441000.0
O00983,P075,1,1039000.0
O00984,P073,2,1746000.0
O00984,P031,2,1168000.0
O00984,P026,4,2865000.0
O00985,P095,5,1138000.0
O00985,P006,4,3589000.0
O00985,P002,5,3788000.0
O00985,P094,3,3233000.0
O00986,P070,1,932000.0
O00986,P071,4,2693000.0
O00986,P062,3,3504000.0
O00987,P032,1,3853000.0
O00987,P007,1,3201000.0
O00987,P077,5,2971000.0
O00987,P066,3,841000.0
O00988,P032,4,3853000.0
O00988,P016,1,3419000.0
O00989,P058,1,3141000.0
O00989,P013,5,4455000.0
O00990,P041,1,2459000.0
O00991,P089,3,884000.0
O00991,P043,5,3251000.0
O00991,P019,5,4182000.0
O00992,P020,1,1599000.0
O00992,P082,3,3808000.0
O00992,P086,1,601000.0
O00993,P047,2,3659000.0
O00994,P098,2,3999000.0
O00994,P036,4,3635000.0
O00994,P053,1,4333000.0
O00995,P042,4,4758000.0
O00995,P078,5,1472000.0
O00995,P033,3,3829000.0
O00995,P075,3,1039000.0
O00996,P056,4,479000.0
O00996,P019,1,4182000.0
O00996,P013,1,4455000.0
O00996,P071,2,2693000.0
O00997,P083,1,590000.0
O00997,P018,5,676000.0
O00997,P012,5,1343000.0
O00998,P018,2,676000.0
O00998,P066,4,841000.0
O00999,P001,2,796000.0
O00999,P051,2,3671000.0
O00999,P005,5,2090000.0
O01000,P065,1,567000.0
O01000,P064,3,1624000.0
O01000,P089,3,884000.0
O01001,P060,2,2004000.0
O01001,P046,2,2288000.0
O01002,P040,2,873000.0
O01002,P029,3,137000.0
O01002,P059,1,2095000.0
O01002,P002,3,3788000.0
O01003,P021,5,1400000.0
O01004,P099,5,2795000.0
O01005,P071,3,2693000.0
O01005,P014,5,596000.0
O01006,P088,4,4955000.0
O01007,P081,2,3238000.0
O01008,P045,5,141000.0
O01008,P003,3,3306000.0
O01008,P015,1,1829000.0
O01009,P060,5,2004000.0
O01010,P029,1,137000.0
O01010,P034,4,3395000.0
O01011,P007,1,3201000.0
O01012,P072,2,4329000.0
O01012,P019,4,4182000.0
O01014,P017,5,1043000.0
O01014,P095,4,1138000.0
O01015,P045,1,141000.0
O01016,P004,3,4411000.0
O01016,P092,3,826000.0
O01017,P064,4,1624000.0
O01018,P097,3,2654000.0
O01018,P029,3,137000.0
O01018,P040,4,873000.0
O01018,P093,1,2707000.0
O01019,P084,2,2331000.0
O01019,P019,4,4182000.0
O01019,P054,2,892000.0
O01020,P050,1,4410000.0
O01020,P014,5,596000.0
O01020,P012,3,1343000.0
O01021,P001,3,796000.0
O01021,P064,2,1624000.0
O01022,P063,2,169000.0
O01022,P034,2,2914000.0
O01022,P072,4,730000.0
O01023,P053,5,4333000.0
O01023,P022,2,1748000.0
O01023,P041,1,2459000.0
O01023,P096,2,1486000.0
O01024,P086,2,601000.0
O01024,P051,4,3671000.0
O01024,P001,5,796000.0
O01025,P045,4,141000.0
O01025,P020,2,2311000.0
O01025,P010,5,3273000.0
O01025,P057,4,88000.0
O01026,P066,3,841000.0
O01026,P080,3,2640000.0
O01026,P061,4,798000.0
O01026,P011,2,407000.0
O01027,P082,2,3808000.0
O01028,P002,1,3788000.0
O01028,P053,1,4333000.0
O01028,P066,3,841000.0
O01029,P039,2,197000.0
O01029,P017,2,1043000.0
O01029,P041,3,2459000.0
O01029,P027,3,3321000.0
O01031,P071,2,2693000.0
O01031,P015,2,1829000.0
O01031,P012,3,1343000.0
O01031,P082,4,3808000.0
O01032,P078,3,1472000.0
O01032,P021,3,1400000.0
O01032,P033,5,3829000.0
O01033,P003,4,2314000.0
O01033,P037,1,3906000.0
O01034,P013,5,4455000.0
O01035,P100,2,4842000.0
O01035,P070,5,932000.0
O01035,P011,5,407000.0
O01035,P019,4,4182000.0
O01036,P001,4,796000.0
O01036,P030,3,989000.0
O01037,P044,5,685000.0
O01037,P037,5,3906000.0
O01038,P093,1,2707000.0
O01038,P068,5,1418000.0
O01039,P076,4,1801000.0
O01039,P069,1,3455000.0
O01039,P052,4,441000.0
O01040,P100,1,4842000.0
O01040,P045,1,141000.0
O01040,P013,1,4455000.0
O01041,P012,2,1343000.0
O01041,P048,3,1507000.0
O01042,P085,3,3072000.0
O01042,P011,2,407000.0
O01043,P004,1,3338000.0
O01043,P007,3,3201000.0
O01044,P001,2,796000.0
O01044,P064,2,1624000.0
O01044,P013,5,4455000.0
O01044,P050,1,4410000.0
O01045,P026,2,2865000.0
O01046,P090,2,4442000.0
O01047,P077,4,2971000.0
O01048,P011,1,407000.0
O01049,P005,1,2090000.0
O01049,P027,3,3321000.0
O01049,P061,1,798000.0
O01050,P014,4,596000.0
O01050,P096,1,1486000.0
O01051,P098,5,3999000.0
O01051,P054,1,892000.0
O01051,P100,1,4842000.0
O01051,P081,4,3238000.0
O01052,P098,3,3999000.0
O01052,P088,5,4955000.0
O01053,P093,5,2707000.0
O01054,P013,5,4455000.0
O01054,P083,3,590000.0
O01054,P082,4,3808000.0
O01055,P047,1,3659000.0
O01055,P081,1,3238000.0
O01055,P010,2,3273000.0
O01056,P044,2,685000.0
O01056,P044,5,685000.0
O01056,P022,1,1748000.0
O01056,P003,4,1413000.0
O01057,P067,1,1425000.0
O01057,P061,2,798000.0
O01057,P100,4,4842000.0
O01057,P077,1,2971000.0
O01058,P060,1,2004000.0
O01058,P054,1,892000.0
O01059,P004,5,4244000.0
O01059,P015,5,1829000.0
O01059,P061,2,798000.0
O01059,P017,2,1043000.0
O01060,P033,4,3829000.0
O01060,P063,1,169000.0
O01060,P069,2,3455000.0
O01060,P063,3,169000.0
O01061,P006,4,3589000.0
O01061,P054,5,892000.0
O01062,P001,2,796000.0
O01063,P071,1,2693000.0
O01063,P087,5,3051000.0
O01063,P046,4,2288000.0
O01064,P002,2,3788000.0
O01065,P086,3,601000.0
O01065,P025,2,3833000.0
O01065,P028,4,3299000.0
O01066,P021,1,1400000.0
O01066,P051,5,3671000.0
O01067,P050,5,4410000.0
O01068,P071,3,2693000.0
O01068,P059,3,2095000.0
O01068,P051,4,3671000.0
O01068,P003,4,3674000.0
O01069,P009,4,4708000.0
O01069,P080,1,2640000.0
O01069,P032,5,3853000.0
O01070,P090,2,4442000.0
O01070,P012,3,1343000.0
O01070,P008,1,1552000.0
O01072,P047,1,3659000.0
O01072,P084,5,2331000.0
O01073,P021,3,1400000.0
O01073,P028,1,3299000.0
O01073,P080,5,2640000.0
O01074,P074,2,3286000.0
O01074,P037,5,3906000.0
O01075,P065,1,567000.0
O01075,P029,1,137000.0
O01075,P002,3,3788000.0
O01076,P095,4,1138000.0
O01077,P002,3,3788000.0
O01078,P006,2,3589000.0
O01078,P013,3,4455000.0
O01079,P049,4,332000.0
O01080,P098,5,3999000.0
O01080,P050,3,4410000.0
O01080,P052,2,441000.0
O01081,P086,5,601000.0
O01081,P043,2,3251000.0
O01082,P071,1,2693000.0
O01082,P012,1,1343000.0
O01082,P042,1,1020000.0
O01083,P064,4,1624000.0
O01083,P034,2,4068000.0
O01083,P065,5,567000.0
O01084,P016,3,3419000.0
O01084,P061,2,798000.0
O01084,P071,3,2693000.0
O01084,P042,1,1170000.0
O01085,P058,4,3141000.0
O01086,P013,2,4455000.0
O01086,P030,5,989000.0
O01086,P048,5,1507000.0
O01087,P065,1,567000.0
O01087,P044,3,685000.0
O01087,P034,2,3133000.0
O01087,P082,1,3808000.0
O01088,P021,2,1400000.0
O01088,P094,4,3233000.0
O01088,P038,4,3079000.0
O01089,P055,4,2575000.0
O01089,P060,2,2004000.0
O01089,P005,3,2090000.0
O01090,P057,1,88000.0
O01092,P059,2,2095000.0
O01093,P065,4,567000.0
O01094,P047,4,3659000.0
O01095,P097,4,2654000.0
O01095,P069,2,3455000.0
O01095,P062,1,3504000.0
O01096,P013,4,4455000.0
O01096,P041,3,2459000.0
O01097,P068,1,1418000.0
O01098,P038,1,2521000.0
O01098,P065,3,567000.0
O01098,P091,4,1454000.0
O01098,P086,2,601000.0
O01099,P007,2,3201000.0
O01099,P073,2,1746000.0
O01099,P043,3,3251000.0
O01099,P099,4,2795000.0
O01100,P019,4,4182000.0
O01100,P024,5,268000.0
O01100,P067,3,1425000.0
O01100,P006,4,3589000.0
O01101,P055,3,2575000.0
O01101,P018,1,676000.0
O01101,P058,4,3141000.0
O01101,P088,2,4955000.0
O01102,P062,1,3504000.0
O01102,P091,2,1454000.0
O01103,P027,5,3321000.0
O01103,P052,4,441000.0
O01103,P054,2,892000.0
O01104,P078,2,1472000.0
O01104,P028,5,3299000.0
O01104,P056,5,479000.0
O01105,P078,1,1472000.0
O01105,P053,1,4333000.0
O01105,P034,5,4337000.0
O01105,P051,5,3671000.0
O01106,P023,1,415000.0
O01106,P089,3,884000.0
O01107,P100,2,4842000.0
O01107,P034,1,2891000.0
O01107,P004,5,4997000.0
O01108,P061,2,798000.0
O01108,P074,4,3286000.0
O01109,P042,5,3731000.0
O01110,P033,1,3829000.0
O01110,P041,2,2459000.0
O01110,P088,3,4955000.0
O01110,P053,4,4333000.0
O01112,P064,3,1624000.0
O01112,P045,3,141000.0
O01112,P021,4,1400000.0
O01112,P010,5,3273000.0
O01113,P031,5,1168000.0
O01114,P019,2,4182000.0
O01114,P062,2,3504000.0
O01114,P052,2,441000.0
O01115,P094,2,3233000.0
O01115,P024,1,268000.0
O01115,P091,2,1454000.0
O01115,P023,2,415000.0
O01116,P014,1,596000.0
O01116,P098,1,3999000.0
O01116,P060,3,2004000.0
O01116,P084,4,2331000.0
O01117,P063,1,169000.0
O01117,P055,2,2575000.0
O01117,P008,3,1552000.0
O01118,P079,5,3344000.0
O01118,P048,1,1507000.0
O01119,P035,5,2034000.0
O01119,P052,5,441000.0
O01119,P071,2,2693000.0
O01120,P048,2,1507000.0
O01121,P055,5,2575000.0
O01122,P027,5,3321000.0
O01123,P024,1,268000.0
O01123,P024,4,268000.0
O01124,P013,3,4455000.0
O01125,P087,4,2250000.0
O01125,P064,1,1624000.0
O01126,P055,5,2575000.0
O01127,P010,4,3273000.0
O01128,P098,1,3999000.0
O01128,P028,1,3299000.0
O01128,P052,2,441000.0
O01128,P058,1,3141000.0
O01129,P088,1,4955000.0
O01129,P005,3,2090000.0
O01129,P075,2,1039000.0
O01130,P024,4,268000.0
O01130,P059,2,2095000.0
O01131,P036,4,3635000.0
O01131,P074,2,3286000.0
O01131,P015,4,1829000.0
O01132,P073,3,1746000.0
O01132,P057,4,88000.0
O01133,P072,1,4473000.0
O01133,P029,5,137000.0
O01134,P095,4,1138000.0
O01135,P034,1,1330000.0
O01135,P045,5,141000.0
O01135,P094,5,3233000.0
O01136,P014,5,596000.0
O01136,P029,5,137000.0
O01136,P029,2,137000.0
O01137,P090,2,4442000.0
O01137,P098,4,3999000.0
O01137,P024,5,268000.0
O01137,P012,2,1343000.0
O01138,P050,2,4410000.0
O01139,P084,1,2331000.0
O01139,P039,5,197000.0
O01139,P055,1,2575000.0
O01140,P056,4,479000.0
O01140,P058,4,3141000.0
O01141,P022,4,1748000.0
O01141,P022,5,1748000.0
O01141,P083,3,590000.0
O01142,P027,5,3321000.0
O01142,P063,3,169000.0
O01142,P080,5,2640000.0
O01143,P003,4,54000.0
O01143,P065,5,567000.0
O01143,P056,3,479000.0
O01144,P054,4,892000.0
O01145,P097,4,2654000.0
O01145,P003,2,415000.0
O01145,P070,1,932000.0
O01146,P073,2,1746000.0
O01147,P022,2,1748000.0
O01148,P048,3,1507000.0
O01149,P080,1,2640000.0
O01149,P036,3,3635000.0
O01150,P075,2,1039000.0
O01151,P021,3,1400000.0
O01151,P025,2,3833000.0
O01152,P023,1,415000.0
O01152,P022,2,1748000.0
O01153,P009,1,4708000.0
O01153,P020,3,2764000.0
O01153,P045,1,141000.0
O01154,P080,2,2640000.0
O01155,P037,3,3906000.0
O01155,P092,1,826000.0
O01155,P029,4,137000.0
O01156,P080,2,2640000.0
O01156,P097,2,2654000.0
O01157,P021,3,1400000.0
O01157,P032,4,3853000.0
O01158,P076,4,1801000.0
O01158,P017,1,1043000.0
O01159,P045,5,141000.0
O01160,P016,2,3419000.0
O01160,P035,3,2034000.0
O01161,P021,5,1400000.0
O01162,P057,3,88000.0
O01163,P041,5,2459000.0
O01163,P077,5,2971000.0
O01163,P018,1,676000.0
O01163,P016,2,3419000.0
O01164,P064,4,1624000.0
O01164,P026,1,2865000.0
O01165,P059,3,2095000.0
O01165,P076,3,1801000.0
O01165,P036,2,3635000.0
O01165,P009,1,4708000.0
O01166,P024,5,268000.0
O01166,P100,3,4842000.0
O01166,P083,1,590000.0
O01166,P073,2,1746000.0
O01167,P044,5,685000.0
O01167,P013,5,4455000.0
O01167,P017,2,1043000.0
O01167,P051,4,3671000.0
O01168,P090,2,4442000.0
O01169,P062,3,3504000.0
O01170,P093,4,2707000.0
O01170,P017,4,1043000.0
O01171,P061,3,798000.0
O01171,P020,5,3315000.0
O01171,P033,4,3829000.0
O01172,P019,1,4182000.0
O01173,P016,4,3419000.0
O01173,P099,2,2795000.0
O01173,P004,1,4728000.0
O01173,P076,2,1801000.0
O01174,P041,2,2459000.0
O01174,P035,1,2034000.0
O01174,P025,2,3833000.0
O01175,P009,3,4708000.0
O01176,P043,3,3251000.0
O01176,P002,3,3788000.0
O01177,P035,2,2034000.0
O01178,P013,5,4455000.0
O01178,P082,1,3808000.0
O01179,P031,1,1168000.0
O01179,P067,4,1425000.0
O01179,P063,5,169000.0
O01180,P082,2,3808000.0
O01180,P034,4,1089000.0
O01180,P048,3,1507000.0
O01180,P017,2,1043000.0
O01181,P065,5,567000.0
O01182,P091,3,1454000.0
O01182,P081,3,3238000.0
O01183,P076,2,1801000.0
O01184,P039,5,197000.0
O01185,P064,1,1624000.0
O01185,P056,4,479000.0
O01185,P082,4,3808000.0
O01185,P074,2,3286000.0
O01186,P031,2,1168000.0
O01186,P076,5,1801000.0
O01187,P046,1,2288000.0
O01187,P046,5,2288000.0
O01187,P008,2,1552000.0
O01187,P044,4,685000.0
O01188,P056,3,479000.0
O01188,P008,5,1552000.0
O01188,P043,5,3251000.0
O01189,P095,5,1138000.0
O01189,P068,2,1418000.0
O01190,P100,3,4842000.0
O01190,P090,4,4442000.0
O01191,P018,4,676000.0
O01191,P023,1,415000.0
O01191,P095,5,1138000.0
O01191,P035,4,2034000.0
O01192,P017,5,1043000.0
O01192,P100,2,4842000.0
O01192,P047,3,3659000.0
O01192,P028,3,3299000.0
O01193,P011,5,407000.0
O01193,P051,2,3671000.0
O01193,P072,2,1464000.0
O01194,P045,1,141000.0
O01194,P097,1,2654000.0
O01195,P046,4,2288000.0
O01195,P022,3,1748000.0
O01196,P023,5,415000.0
O01196,P053,2,4333000.0
O01196,P076,3,1801000.0
O01196,P024,1,268000.0
O01197,P022,2,1748000.0
O01198,P036,1,3635000.0
O01198,P037,5,3906000.0
O01199,P077,1,2971000.0
O01199,P002,5,3788000.0
O01200,P051,2,3671000.0
O01200,P089,4,884000.0
O01200,P006,2,3589000.0
O01200,P053,4,4333000.0
O01201,P034,3,481000.0
O01202,P056,2,479000.0
O01202,P024,1,268000.0
O01202,P062,3,3504000.0
O01203,P003,2,663000.0
O01204,P095,1,1138000.0
O01205,P032,3,3853000.0
O01205,P098,2,3999000.0
O01206,P018,2,676000.0
O01206,P039,4,197000.0
O01207,P012,5,1343000.0
O01208,P049,1,332000.0
O01208,P089,1,884000.0
O01209,P003,5,1226000.0
O01209,P060,4,2004000.0
O01209,P085,1,3072000.0
O01209,P042,4,2351000.0
O01210,P015,4,1829000.0
O01210,P008,4,1552000.0
O01210,P056,2,479000.0
O01210,P051,3,3671000.0
O01211,P091,5,1454000.0
O01211,P092,3,826000.0
O01212,P002,5,3788000.0
O01213,P030,4,989000.0
O01213,P023,2,415000.0
O01213,P035,4,2034000.0
O01214,P057,4,88000.0
O01215,P029,1,137000.0
O01215,P027,2,3321000.0
O01216,P015,1,1829000.0
O01216,P083,5,590000.0
O01216,P034,3,813000.0
O01216,P056,3,479000.0
O01217,P026,1,2865000.0
O01217,P050,3,4410000.0
O01218,P037,1,3906000.0
O01218,P096,2,1486000.0
O01218,P059,2,2095000.0
O01219,P061,4,798000.0
O01219,P067,3,1425000.0
O01219,P062,4,3504000.0
O01219,P097,1,2654000.0
O01220,P089,2,884000.0
O01220,P033,5,3829000.0
O01220,P038,2,418000.0
O01220,P036,4,3635000.0
O01221,P061,3,798000.0
O01222,P013,5,4455000.0
O01222,P071,4,2693000.0
O01222,P003,1,4100000.0
O01223,P023,3,415000.0
O01223,P090,2,4442000.0
O01224,P022,3,1748000.0
O01225,P057,3,88000.0
O01225,P035,3,2034000.0
O01226,P099,4,2795000.0
O01227,P029,3,137000.0
O01227,P045,4,141000.0
O01228,P026,5,2865000.0
O01228,P050,5,4410000.0
O01228,P033,4,3829000.0
O01229,P022,3,1748000.0
O01230,P099,5,2795000.0
O01230,P048,2,1507000.0
O01230,P049,2,332000.0
O01231,P072,5,389000.0
O01231,P036,4,3635000.0
O01231,P023,2,415000.0
O01231,P067,4,1425000.0
O01232,P009,1,4708000.0
O01232,P001,5,796000.0
O01232,P044,2,685000.0
O01233,P081,3,3238000.0
O01233,P062,3,3504000.0
O01233,P023,1,415000.0
O01234,P093,3,2707000.0
O01234,P031,3,1168000.0
O01234,P100,5,4842000.0
O01234,P078,1,1472000.0
O01235,P075,2,1039000.0
O01236,P069,1,3455000.0
O01236,P034,4,458000.0
O01236,P040,4,873000.0
O01236,P083,4,590000.0
O01237,P038,2,3782000.0
O01238,P036,2,3635000.0
O01238,P059,1,2095000.0
O01238,P051,4,3671000.0
O01239,P070,4,932000.0
O01240,P054,3,892000.0
O01240,P054,4,892000.0
O01240,P017,4,1043000.0
O01241,P052,5,441000.0
O01241,P009,3,4708000.0
O01242,P089,1,884000.0
O01242,P067,3,1425000.0
O01242,P067,5,1425000.0
O01243,P008,2,1552000.0
O01244,P061,2,798000.0
O01244,P074,1,3286000.0
O01244,P002,5,3788000.0
O01244,P040,3,873000.0
O01245,P090,4,4442000.0
O01246,P003,3,1984000.0
O01246,P047,4,3659000.0
O01246,P097,4,2654000.0
O01246,P005,3,2090000.0
O01247,P030,2,989000.0
O01248,P035,4,2034000.0
O01248,P076,5,1801000.0
O01248,P032,2,3853000.0
O01248,P004,4,4007000.0
O01249,P086,2,601000.0
O01249,P003,4,3908000.0
O01249,P090,1,4442000.0
O01249,P071,2,2693000.0
O01250,P095,2,1138000.0
O01250,P054,4,892000.0
O01251,P074,3,3286000.0
O01251,P100,1,4842000.0
O01251,P079,1,3344000.0
O01251,P099,5,2795000.0
O01252,P066,5,841000.0
O01252,P056,3,479000.0
O01252,P028,5,3299000.0
O01252,P098,3,3999000.0
O01253,P050,4,4410000.0
O01254,P074,4,3286000.0
O01254,P027,3,3321000.0
O01255,P090,5,4442000.0
O01255,P089,5,884000.0
O01256,P052,1,441000.0
O01256,P095,3,1138000.0
O01256,P082,3,3808000.0
O01256,P003,3,4727000.0
O01257,P018,1,676000.0
O01257,P089,4,884000.0
O01258,P034,5,3511000.0
O01259,P070,4,932000.0
O01260,P004,4,3251000.0
O01260,P027,2,3321000.0
O01260,P008,1,1552000.0
O01260,P052,2,441000.0
O01261,P061,2,798000.0
O01262,P099,5,2795000.0
O01262,P079,1,3344000.0
O01263,P063,1,169000.0
O01263,P072,2,3479000.0
O01264,P099,2,2795000.0
O01264,P060,1,2004000.0
O01265,P095,1,1138000.0
O01265,P069,4,3455000.0
O01265,P040,5,873000.0
O01265,P034,2,3369000.0
O01266,P021,1,1400000.0
O01266,P027,5,3321000.0
O01266,P069,2,3455000.0
O01267,P087,2,2727000.0
O01268,P088,5,4955000.0
O01268,P089,1,884000.0
O01268,P015,3,1829000.0
O01269,P100,5,4842000.0
O01269,P079,4,3344000.0
O01269,P058,1,3141000.0
O01270,P077,2,2971000.0
O01270,P009,5,4708000.0
O01270,P044,5,685000.0
O01270,P057,2,88000.0
O01271,P048,3,1507000.0
O01272,P035,2,2034000.0
O01272,P072,5,2326000.0
O01273,P007,2,3201000.0
O01273,P089,1,884000.0
O01274,P093,5,2707000.0
O01274,P015,4,1829000.0
O01274,P061,5,798000.0
O01274,P001,4,796000.0
O01275,P083,3,590000.0
O01275,P085,2,3072000.0
O01275,P087,1,2865000.0
O01275,P083,5,590000.0
O01276,P014,4,596000.0
O01277,P099,5,2795000.0
O01277,P093,2,2707000.0
O01277,P084,5,2331000.0
O01278,P043,1,3251000.0
O01279,P058,1,3141000.0
O01279,P015,4,1829000.0
O01280,P077,2,2971000.0
O01281,P081,3,3238000.0
O01281,P006,4,3589000.0
O01281,P007,2,3201000.0
O01281,P004,5,4468000.0
O01282,P067,1,1425000.0
O01283,P021,4,1400000.0
O01283,P020,5,1406000.0
O01283,P077,4,2971000.0
O01283,P071,2,2693000.0
O01284,P039,5,197000.0
O01284,P042,1,207000.0
O01284,P059,2,2095000.0
O01285,P073,2,1746000.0
O01285,P083,4,590000.0
O01285,P081,3,3238000.0
O01286,P010,4,3273000.0
O01287,P055,5,2575000.0
O01288,P093,5,2707000.0
O01289,P015,2,1829000.0
O01289,P061,4,798000.0
O01289,P051,2,3671000.0
O01289,P002,5,3788000.0
O01290,P068,2,1418000.0
O01291,P031,5,1168000.0
O01292,P059,1,2095000.0
O01293,P054,2,892000.0
O01293,P087,3,2348000.0
O01294,P028,3,3299000.0
O01294,P077,4,2971000.0
O01294,P081,2,3238000.0
O01295,P043,5,3251000.0
O01295,P088,4,4955000.0
O01295,P001,1,796000.0
O01296,P002,3,3788000.0
O01296,P085,2,3072000.0
O01297,P021,3,1400000.0
O01297,P028,4,3299000.0
O01297,P077,1,2971000.0
O01298,P020,2,3806000.0
O01299,P032,1,3853000.0
O01299,P024,5,268000.0
O01299,P035,5,2034000.0
O01300,P052,1,441000.0
O01300,P032,5,3853000.0
O01300,P049,4,332000.0
O01300,P001,2,796000.0
O01301,P032,4,3853000.0
O01301,P098,3,3999000.0
O01302,P046,3,2288000.0
O01303,P090,4,4442000.0
O01303,P033,5,3829000.0
O01304,P090,5,4442000.0
O01305,P048,3,1507000.0
O01305,P087,1,2041000.0
O01305,P052,3,441000.0
O01305,P066,5,841000.0
O01306,P016,3,3419000.0
O01306,P092,5,826000.0
O01307,P064,2,1624000.0
O01307,P067,3,1425000.0
O01307,P036,4,3635000.0
O01307,P053,2,4333000.0
O01308,P017,2,1043000.0
O01308,P055,1,2575000.0
O01309,P052,4,441000.0
O01309,P078,5,1472000.0
O01309,P068,4,1418000.0
O01309,P037,5,3906000.0
O01310,P017,3,1043000.0
O01311,P086,2,601000.0
O01311,P018,1,676000.0
O01312,P024,5,268000.0
O01312,P068,4,1418000.0
O01312,P024,2,268000.0
O01313,P073,5,1746000.0
O01313,P017,1,1043000.0
O01313,P050,4,4410000.0
O01313,P051,1,3671000.0
O01314,P073,5,1746000.0
O01314,P053,2,4333000.0
O01314,P025,3,3833000.0
O01314,P049,5,332000.0
O01315,P076,5,1801000.0
O01315,P094,5,3233000.0
O01316,P028,3,3299000.0
O01316,P097,5,2654000.0
O01317,P052,5,441000.0
O01317,P066,4,841000.0
O01317,P091,4,1454000.0
O01317,P058,5,3141000.0
O01318,P048,4,1507000.0
O01318,P002,3,3788000.0
O01319,P032,3,3853000.0
O01320,P007,5,3201000.0
O01320,P033,5,3829000.0
O01321,P013,3,4455000.0
O01321,P026,5,2865000.0
O01322,P098,5,3999000.0
O01322,P011,2,407000.0
O01323,P052,1,441000.0
O01323,P004,1,594000.0
O01324,P039,1,197000.0
O01324,P084,4,2331000.0
O01324,P052,2,441000.0
O01325,P040,2,873000.0
O01326,P037,5,3906000.0
O01327,P028,3,3299000.0
O01328,P003,2,4281000.0
O01329,P042,2,4502000.0
O01329,P061,2,798000.0
O01329,P005,5,2090000.0
O01329,P079,5,3344000.0
O01330,P083,3,590000.0
O01330,P086,4,601000.0
O01330,P039,2,197000.0
O01330,P096,2,1486000.0
O01331,P002,3,3788000.0
O01331,P080,2,2640000.0
O01331,P008,5,1552000.0
O01332,P030,3,989000.0
O01332,P030,1,989000.0
O01333,P055,4,2575000.0
O01333,P078,1,1472000.0
O01333,P080,3,2640000.0
O01333,P072,5,3332000.0
O01334,P073,5,1746000.0
O01334,P005,3,2090000.0
O01335,P069,2,3455000.0
O01335,P001,1,796000.0
O01335,P061,3,798000.0
O01335,P032,1,3853000.0
O01336,P079,4,3344000.0
O01336,P053,1,4333000.0
O01336,P068,4,1418000.0
O01336,P074,3,3286000.0
O01337,P020,3,105000.0
O01337,P040,2,873000.0
O01337,P040,4,873000.0
O01337,P033,1,3829000.0
O01338,P041,2,2459000.0
O01338,P010,2,3273000.0
O01339,P085,5,3072000.0
O01339,P041,4,2459000.0
O01339,P013,1,4455000.0
O01339,P007,4,3201000.0
O01340,P064,2,1624000.0
O01340,P083,2,590000.0
O01340,P010,4,3273000.0
O01340,P045,1,141000.0
O01341,P054,1,892000.0
O01341,P097,5,2654000.0
O01342,P006,2,3589000.0
O01342,P089,3,884000.0
O01343,P076,2,1801000.0
O01344,P025,2,3833000.0
O01344,P059,1,2095000.0
O01344,P025,3,3833000.0
O01344,P094,2,3233000.0
O01345,P040,3,873000.0
O01345,P058,3,3141000.0
O01345,P071,5,2693000.0
O01346,P100,3,4842000.0
O01347,P056,1,479000.0
O01347,P057,5,88000.0
O01347,P054,2,892000.0
O01347,P100,2,4842000.0
O01348,P009,1,4708000.0
O01348,P089,4,884000.0
O01348,P053,3,4333000.0
O01349,P100,5,4842000.0
O01350,P061,1,798000.0
O01351,P012,4,1343000.0
O01351,P089,2,884000.0
O01351,P085,2,3072000.0
O01352,P011,3,407000.0
O01352,P046,4,2288000.0
O01352,P025,3,3833000.0
O01353,P078,1,1472000.0
O01354,P066,1,841000.0
O01354,P045,3,141000.0
O01354,P070,1,932000.0
O01355,P042,4,2184000.0
O01356,P092,5,826000.0
O01356,P051,3,3671000.0
O01356,P032,5,3853000.0
O01357,P051,1,3671000.0
O01358,P061,1,798000.0
O01358,P007,3,3201000.0
O01358,P002,5,3788000.0
O01358,P032,1,3853000.0
O01359,P041,3,2459000.0
O01359,P016,5,3419000.0
O01359,P036,1,3635000.0
O01360,P078,5,1472000.0
O01360,P020,2,717000.0
O01361,P088,2,4955000.0
O01362,P051,2,3671000.0
O01362,P099,1,2795000.0
O01362,P031,5,1168000.0
O01362,P048,5,1507000.0
O01364,P020,4,2685000.0
O01365,P078,3,1472000.0
O01365,P012,4,1343000.0
O01366,P089,4,884000.0
O01366,P091,5,1454000.0
O01366,P027,2,3321000.0
O01367,P044,4,685000.0
O01367,P017,2,1043000.0
O01368,P025,5,3833000.0
O01369,P039,3,197000.0
O01369,P003,5,4205000.0
O01369,P007,4,3201000.0
O01369,P063,1,169000.0
O01370,P006,5,3589000.0
O01370,P022,1,1748000.0
O01370,P087,1,4960000.0
O01370,P090,5,4442000.0
O01371,P070,3,932000.0
O01372,P011,1,407000.0
O01372,P026,2,2865000.0
O01373,P049,1,332000.0
O01373,P013,3,4455000.0
O01373,P069,3,3455000.0
O01373,P071,3,2693000.0
O01374,P044,2,685000.0
O01375,P031,2,1168000.0
O01375,P085,1,3072000.0
O01375,P015,5,1829000.0
O01375,P084,4,2331000.0
O01376,P038,4,1351000.0
O01377,P003,3,1900000.0
O01377,P077,4,2971000.0
O01378,P061,4,798000.0
O01379,P047,3,3659000.0
O01379,P038,4,514000.0
O01379,P069,2,3455000.0
O01380,P011,4,407000.0
O01380,P097,1,2654000.0
O01381,P050,1,4410000.0
O01381,P080,5,2640000.0
O01381,P044,2,685000.0
O01382,P054,4,892000.0
O01382,P050,4,4410000.0
O01382,P017,4,1043000.0
O01383,P032,3,3853000.0
O01383,P090,5,4442000.0
O01384,P001,3,796000.0
O01384,P030,1,989000.0
O01384,P018,4,676000.0
O01384,P010,5,3273000.0
O01385,P003,2,3113000.0
O01385,P063,5,169000.0
O01385,P058,1,3141000.0
O01386,P050,5,4410000.0
O01386,P052,1,441000.0
O01387,P007,4,3201000.0
O01387,P031,1,1168000.0
O01387,P051,4,3671000.0
O01388,P056,1,479000.0
O01388,P048,1,1507000.0
O01389,P094,5,3233000.0
O01389,P083,1,590000.0
O01390,P035,1,2034000.0
O01390,P080,5,2640000.0
O01390,P076,1,1801000.0
O01390,P002,2,3788000.0
O01391,P076,1,1801000.0
O01392,P008,2,1552000.0
O01392,P082,1,3808000.0
O01393,P047,2,3659000.0
O01393,P003,5,2198000.0
O01394,P021,2,1400000.0
O01394,P099,4,2795000.0
O01394,P097,3,2654000.0
O01395,P090,5,4442000.0
O01395,P047,2,3659000.0
O01395,P015,5,1829000.0
O01395,P084,2,2331000.0
O01396,P006,1,3589000.0
O01396,P080,5,2640000.0
O01396,P018,4,676000.0
O01397,P064,3,1624000.0
O01397,P085,3,3072000.0
O01397,P033,3,3829000.0
O01398,P006,3,3589000.0
O01398,P037,5,3906000.0
O01399,P089,3,884000.0
O01399,P043,2,3251000.0
O01399,P066,1,841000.0
O01400,P072,1,4646000.0
O01401,P092,5,826000.0
O01402,P045,3,141000.0
O01402,P068,2,1418000.0
O01402,P037,3,3906000.0
O01402,P098,3,3999000.0
O01403,P052,2,441000.0
O01403,P022,5,1748000.0
O01403,P088,3,4955000.0
O01403,P020,1,4091000.0
O01404,P007,3,3201000.0
O01404,P090,4,4442000.0
O01404,P049,1,332000.0
O01404,P031,4,1168000.0
O01405,P054,2,892000.0
O01406,P070,4,932000.0
O01406,P004,4,135000.0
O01406,P038,4,1313000.0
O01407,P052,1,441000.0
O01407,P017,2,1043000.0
O01407,P046,1,2288000.0
O01407,P047,5,3659000.0
O01408,P004,1,3117000.0
O01408,P026,1,2865000.0
O01408,P009,4,4708000.0
O01409,P087,1,3516000.0
O01409,P064,1,1624000.0
O01410,P055,1,2575000.0
O01410,P045,5,141000.0
O01410,P057,5,88000.0
O01411,P048,2,1507000.0
O01412,P033,3,3829000.0
O01412,P010,2,3273000.0
O01413,P076,3,1801000.0
O01413,P040,4,873000.0
O01414,P034,3,1801000.0
O01414,P013,3,4455000.0
O01415,P075,1,1039000.0
O01415,P041,4,2459000.0
O01415,P016,5,3419000.0
O01415,P095,1,1138000.0
O01416,P056,3,479000.0
O01416,P092,4,826000.0
O01416,P075,2,1039000.0
O01416,P055,3,2575000.0
O01417,P016,5,3419000.0
O01417,P031,2,1168000.0
O01417,P042,5,4104000.0
O01417,P034,5,3818000.0
O01418,P071,1,2693000.0
O01418,P048,4,1507000.0
O01418,P007,2,3201000.0
O01418,P032,4,3853000.0
O01419,P094,1,3233000.0
O01419,P070,3,932000.0
O01419,P032,1,3853000.0
O01419,P083,1,590000.0
O01420,P021,1,1400000.0
O01420,P078,3,1472000.0
O01421,P063,2,169000.0
O01421,P028,2,3299000.0
O01421,P019,5,4182000.0
O01421,P090,4,4442000.0
O01422,P088,2,4955000.0
O01422,P027,5,3321000.0
O01423,P038,3,377000.0
O01423,P024,5,268000.0
O01423,P018,3,676000.0
O01423,P031,2,1168000.0
O01424,P059,4,2095000.0
O01424,P080,5,2640000.0
O01424,P084,2,2331000.0
O01424,P034,2,3648000.0
O01425,P031,5,1168000.0
O01425,P091,2,1454000.0
O01425,P029,5,137000.0
O01425,P044,2,685000.0
O01426,P018,2,676000.0
O01427,P003,5,819000.0
O01427,P033,1,3829000.0
O01428,P055,5,2575000.0
O01429,P030,2,989000.0
O01429,P067,3,1425000.0
O01430,P018,2,676000.0
O01430,P039,4,197000.0
O01430,P085,1,3072000.0
O01431,P078,1,1472000.0
O01431,P087,4,2764000.0
O01432,P011,3,407000.0
O01432,P035,3,2034000.0
O01432,P017,4,1043000.0
O01433,P057,3,88000.0
O01434,P073,5,1746000.0
O01434,P080,1,2640000.0
O01434,P026,5,2865000.0
O01434,P029,1,137000.0
O01435,P001,4,796000.0
O01436,P032,2,3853000.0
O01436,P087,2,1559000.0
O01436,P100,4,4842000.0
O01437,P017,4,1043000.0
O01437,P058,4,3141000.0
O01438,P028,2,3299000.0
O01438,P010,4,3273000.0
O01438,P093,5,2707000.0
O01438,P090,1,4442000.0
O01439,P052,3,441000.0
O01439,P094,4,3233000.0
O01439,P004,4,78000.0
O01439,P027,5,3321000.0
O01440,P007,2,3201000.0
O01440,P049,1,332000.0
O01440,P043,5,3251000.0
O01441,P022,5,1748000.0
O01441,P065,3,567000.0
O01441,P018,3,676000.0
O01442,P094,1,3233000.0
O01443,P091,3,1454000.0
O01443,P094,1,3233000.0
O01443,P017,4,1043000.0
O01443,P035,1,2034000.0
O01444,P061,3,798000.0
O01444,P065,2,567000.0
O01444,P055,4,2575000.0
O01444,P054,2,892000.0
O01445,P073,1,1746000.0
O01445,P056,2,479000.0
O01445,P002,1,3788000.0
O01446,P091,4,1454000.0
O01446,P025,5,3833000.0
O01447,P082,4,3808000.0
O01447,P034,4,631000.0
O01447,P037,5,3906000.0
O01448,P035,3,2034000.0
O01448,P077,4,2971000.0
O01448,P083,5,590000.0
O01448,P027,1,3321000.0
O01449,P076,5,1801000.0
O01449,P087,4,4754000.0
O01450,P077,1,2971000.0
O01450,P033,5,3829000.0
O01450,P091,5,1454000.0
O01451,P005,5,2090000.0
O01451,P095,5,1138000.0
O01451,P041,3,2459000.0
O01451,P002,3,3788000.0
O01452,P019,4,4182000.0
O01452,P100,4,4842000.0
O01453,P028,2,3299000.0
O01453,P017,2,1043000.0
O01453,P076,3,1801000.0
O01454,P013,2,4455000.0
O01454,P092,5,826000.0
O01454,P075,5,1039000.0
O01455,P085,1,3072000.0
O01456,P079,3,3344000.0
O01456,P072,3,1917000.0
O01456,P033,1,3829000.0
O01457,P090,1,4442000.0
O01458,P088,4,4955000.0
O01458,P056,2,479000.0
O01459,P025,5,3833000.0
O01459,P068,3,1418000.0
O01460,P039,2,197000.0
O01460,P082,2,3808000.0
O01460,P044,4,685000.0
O01460,P092,4,826000.0
O01461,P100,5,4842000.0
O01461,P068,2,1418000.0
O01461,P017,2,1043000.0
O01462,P068,5,1418000.0
O01462,P084,4,2331000.0
O01462,P008,3,1552000.0
O01462,P085,5,3072000.0
O01463,P009,4,4708000.0
O01463,P067,1,1425000.0
O01463,P050,1,4410000.0
O01464,P090,3,4442000.0
O01464,P074,3,3286000.0
O01465,P040,4,873000.0
O01465,P077,5,2971000.0
O01465,P035,4,2034000.0
O01466,P097,3,2654000.0
O01467,P088,4,4955000.0
O01467,P080,3,2640000.0
O01467,P073,4,1746000.0
O01467,P025,5,3833000.0
O01468,P001,5,796000.0
O01468,P057,2,88000.0
O01469,P051,1,3671000.0
O01469,P007,5,3201000.0
O01470,P074,2,3286000.0
O01471,P011,4,407000.0
O01471,P052,2,441000.0
O01471,P001,1,796000.0
O01471,P054,3,892000.0
O01472,P041,4,2459000.0
O01472,P088,5,4955000.0
O01472,P053,3,4333000.0
O01473,P064,5,1624000.0
O01473,P052,3,441000.0
O01473,P042,3,4093000.0
O01474,P013,2,4455000.0
O01474,P033,4,3829000.0
O01474,P056,3,479000.0
O01475,P001,1,796000.0
O01476,P068,4,1418000.0
O01476,P044,5,685000.0
O01476,P054,5,892000.0
O01476,P017,3,1043000.0
O01477,P046,1,2288000.0
O01478,P049,3,332000.0
O01478,P033,3,3829000.0
O01478,P014,2,596000.0
O01478,P023,3,415000.0
O01479,P034,1,4246000.0
O01479,P076,5,1801000.0
O01479,P061,3,798000.0
O01480,P019,2,4182000.0
O01481,P068,4,1418000.0
O01481,P069,4,3455000.0
O01482,P066,2,841000.0
O01483,P061,1,798000.0
O01483,P094,1,3233000.0
O01483,P058,1,3141000.0
O01484,P053,2,4333000.0
O01484,P006,5,3589000.0
O01485,P035,2,2034000.0
O01485,P028,5,3299000.0
O01485,P083,4,590000.0
O01486,P023,1,415000.0
O01487,P094,1,3233000.0
O01487,P070,5,932000.0
O01487,P095,5,1138000.0
O01488,P004,5,2327000.0
O01488,P096,1,1486000.0
O01489,P035,5,2034000.0
O01489,P002,5,3788000.0
O01491,P020,5,2251000.0
O01492,P027,3,3321000.0
O01493,P079,3,3344000.0
O01493,P068,1,1418000.0
O01493,P039,3,197000.0
O01493,P006,4,3589000.0
O01494,P046,4,2288000.0
O01494,P097,4,2654000.0
O01495,P066,1,841000.0
O01495,P074,3,3286000.0
O01495,P064,2,1624000.0
O01496,P087,1,2808000.0
O01496,P075,5,1039000.0
O01496,P006,2,3589000.0
O01497,P001,2,796000.0
O01497,P092,5,826000.0
O01497,P033,3,3829000.0
O01497,P019,1,4182000.0
O01498,P012,3,1343000.0
O01498,P068,5,1418000.0
O01499,P043,5,3251000.0
O01499,P036,5,3635000.0
O01500,P060,2,2004000.0
